Text,Sentiment,Clean_Text,Predicted_Sentiment
 Enjoying a beautiful day at the park!              , Positive  ,enjoying beautiful day park,Positive
 Traffic was terrible this morning.                 , Negative  ,traffic terrible morning,Negative
 Just finished an amazing workout! 💪               , Positive  ,finished amazing workout,Positive
 Excited about the upcoming weekend getaway!        , Positive  ,excited upcoming weekend getaway,Positive
 Trying out a new recipe for dinner tonight.        , Neutral   ,trying new recipe dinner tonight,Positive
 Feeling grateful for the little things in life.    , Positive  ,feeling grateful little things life,Negative
 Rainy days call for cozy blankets and hot cocoa.   , Positive  ,rainy days call cozy blankets hot cocoa,Positive
 The new movie release is a must-watch!             , Positive  ,new movie release,Positive
 Political discussions heating up on the timeline.  , Negative  ,political discussions heating timeline,Neutral
 Missing summer vibes and beach days.               , Neutral   ,missing summer vibes beach days,Negative
 Just published a new blog post. Check it out!      , Positive  ,published new blog post check,Positive
 Feeling a bit under the weather today.             , Negative  ,feeling bit weather today,Neutral
 Exploring the city's hidden gems.                  , Positive  ,exploring city hidden gems,Negative
" New year, new fitness goals! 💪                    ", Positive  ,new year new fitness goals,Positive
 Technology is changing the way we live.            , Neutral   ,technology changing way live,Positive
 Reflecting on the past and looking ahead.          , Positive  ,reflecting past looking ahead,Negative
 Just adopted a cute furry friend! 🐾              , Positive  ,adopted cute furry friend,Positive
 Late-night gaming session with friends.            , Positive  ,gaming session friends,Neutral
 Attending a virtual conference on AI.              , Neutral   ,attending virtual conference ai,Neutral
 Winter blues got me feeling low.                   , Negative  ,winter blues got feeling low,Neutral
 Sipping coffee and enjoying a good book.           , Positive  ,sipping coffee enjoying good book,Positive
 Exploring the world of virtual reality.            , Positive  ,exploring world virtual reality,Neutral
 Productive day ticking off my to-do list.          , Positive  ,productive day ticking list,Neutral
 Just finished a challenging workout routine.       , Positive  ,finished challenging workout routine,Positive
 Celebrating a milestone at work! 🎉               , Positive  ,celebrating milestone work,Neutral
 Sunday brunch with friends.                        , Positive  ,sunday brunch friends,Neutral
 Learning a new language for personal growth.       , Positive  ,learning new language personal growth,Positive
 Quiet evening with a good book.                    , Positive  ,quiet evening good book,Positive
 Reflecting on the importance of mental health.     , Positive  ,reflecting importance mental health,Negative
 New painting in progress! 🎨                       , Positive  ,new painting progress,Positive
 Weekend road trip to explore scenic views.         , Positive  ,weekend road trip explore scenic views,Neutral
 Enjoying a cup of tea and watching the sunset.     , Positive  ,enjoying cup tea watching sunset,Positive
 Coding a new project with enthusiasm.              , Positive  ,coding new project enthusiasm,Positive
 Feeling inspired after attending a workshop.       , Positive  ,feeling inspired attending workshop,Neutral
 Winter sports day at the local park.               , Positive  ,winter sports day local park,Neutral
 Quality time with family this weekend.             , Positive  ,quality time family weekend,Neutral
 Attending a live music concert tonight.            , Positive  ,attending live music concert tonight,Positive
 Practicing mindfulness with meditation.            , Positive  ,practicing mindfulness meditation,Neutral
 Trying out a new dessert recipe.                   , Positive  ,trying new dessert recipe,Positive
 Excited about the upcoming gaming tournament.      , Positive  ,excited upcoming gaming tournament,Positive
 Planning a garden makeover for spring.             , Positive  ,planning garden makeover spring,Neutral
 Celebrating a friend's birthday tonight! 🎂       , Positive  ,celebrating friend birthday tonight,Neutral
 Feeling accomplished after a productive day.       , Positive  ,feeling accomplished productive day,Positive
 A cozy evening with a good movie.                 , Positive  ,cozy evening good movie,Positive
 Exploring local art galleries this weekend.        , Positive  ,exploring local art galleries weekend,Neutral
 New book release from my favorite author!          , Positive  ,new book release favorite author,Positive
 Attending a virtual reality meetup.                , Positive  ,attending virtual reality meetup,Neutral
 Reflecting on the beauty of nature.                , Positive  ,reflecting beauty nature,Neutral
 Cooking a special dinner for loved ones.           , Positive  ,cooking special dinner loved ones,Positive
 Feeling optimistic about the week ahead.           , Positive  ,feeling optimistic week ahead,Neutral
 Starting a new fitness challenge tomorrow! 💪     , Positive  ,starting new fitness challenge tomorrow,Positive
 Sunday bike ride through scenic trails.           , Positive  ,sunday bike ride scenic trails,Neutral
 Can't believe the injustice happening in our society., Anger        ,ca believe injustice happening society,Neutral
 Feeling a sense of fear after watching a thriller movie. , Fear         ,feeling sense fear watching thriller movie,Neutral
 Heartbroken after hearing the news about a natural disaster. , Sadness      ,heartbroken hearing news natural disaster,Positive
 The state of the world's environment is just disgusting. , Disgust      ,state world environment disgusting,Negative
 Pure happiness: celebrating a loved one's achievement! , Happiness    ,pure happiness celebrating loved one achievement,Positive
 Laughter is the best medicine—enjoying a comedy show. , Joy          ,laughter best medicine enjoying comedy show,Positive
 Sharing love and positive vibes with everyone! ❤️      , Love         ,sharing love positive vibes everyone,Positive
 An amusing incident brightened up my day!               , Amusement    ,amusing incident brightened day,Positive
 Enjoying a quiet evening with a book and some tea.      , Enjoyment    ,enjoying quiet evening book tea,Positive
 Admiring the beauty of nature during a peaceful hike.   , Admiration   ,admiring beauty nature peaceful hike,Positive
 Sending affectionate vibes to all my followers!          , Affection    ,sending affectionate vibes followers,Neutral
 Experiencing awe at the breathtaking sunset.            , Awe          ,experiencing awe breathtaking sunset,Positive
 Disappointed with the service at a local restaurant.    , Disappointed ,disappointed service local restaurant,Negative
 A surprise gift from a friend made my day!              , Surprise     ,surprise gift friend made day,Neutral
 Finding acceptance in the midst of life's challenges.   , Acceptance   ,finding acceptance midst life challenges,Neutral
 Overflowing with adoration for my adorable pet! 🐾      , Adoration    ,overflowing adoration adorable pet,Positive
 Anticipating a thrilling adventure in the coming weeks. , Anticipation ,anticipating thrilling adventure coming weeks,Positive
 A bitter experience turned into a valuable lesson.      , Bitter       ,bitter experience turned valuable lesson,Negative
 Finding calmness in the midst of a busy day.            , Calmness     ,finding calmness midst busy day,Positive
 Confusion clouds my mind as I navigate through decisions., Confusion    ,confusion clouds mind navigate decisions,Neutral
 Excitement building up for the upcoming vacation!       , Excitement   ,excitement building upcoming vacation,Neutral
 Kindness witnessed today restored my faith in humanity. , Kind         ,kindness witnessed today restored faith humanity,Neutral
 Pride in achieving a personal milestone.               , Pride        ,pride achieving personal milestone,Neutral
 A moment of shame for not standing up against injustice. , Shame        ,moment shame standing injustice,Neutral
 Fuming with anger after a heated argument.            , Anger        ,fuming anger heated argument,Negative
 The fear of the unknown is keeping me up at night.    , Fear         ,fear unknown keeping night,Negative
 Heartfelt sadness after bidding farewell to a dear friend. , Sadness      ,heartfelt sadness bidding farewell dear friend,Neutral
 The state of corruption in our society is utterly disgusting. , Disgust      ,state corruption society utterly disgusting,Negative
 Overflowing happiness: welcoming a new family member!  , Happiness    ,overflowing happiness welcoming new family member,Positive
 Laughter is the key to joy—attending a stand-up comedy show. , Joy          ,laughter key joy attending comedy show,Positive
 Sending love to all my followers on this beautiful day! ❤️ , Love         ,sending love followers beautiful day,Positive
 Amused by the antics of my pet—it's pure amusement!      , Amusement    ,amused antics pet pure amusement,Positive
 Enjoying every moment of this trip—pure enjoyment!      , Enjoyment    ,enjoying every moment trip pure enjoyment,Positive
 Admiring the dedication of volunteers at a local charity. , Admiration   ,admiring dedication volunteers local charity,Neutral
 Sending affectionate vibes to friends and family.        , Affection    ,sending affectionate vibes friends family,Neutral
 Awe-struck by the beauty of the night sky.               , Awe          ,beauty night sky,Neutral
 Disappointed with the lack of progress in a personal project. , Disappointed ,disappointed lack progress personal project,Negative
 A surprise visit from an old friend brought tears of joy. , Surprise     ,surprise visit old friend brought tears joy,Positive
 Embracing acceptance of life's ups and downs.           , Acceptance   ,embracing acceptance life ups downs,Neutral
 Overflowing adoration for a cute rescue puppy! 🐶       , Adoration    ,overflowing adoration cute rescue puppy,Positive
 Anticipating the release of a much-awaited movie.       , Anticipation ,anticipating release movie,Neutral
 Bitter experience at the customer service department.   , Bitter       ,bitter experience customer service department,Negative
 Finding calmness amidst the chaos of daily life.        , Calmness     ,finding calmness amidst chaos daily life,Neutral
 Confusion reigns as I try to make sense of recent events., Confusion    ,confusion reigns try make sense recent events,Neutral
 Excitement building up for a surprise birthday party.   , Excitement   ,excitement building surprise birthday party,Neutral
 Witnessed an act of kindness that made my day.          , Kind         ,witnessed act kindness made day,Neutral
 Pride in completing a challenging fitness challenge.    , Pride        ,pride completing challenging fitness challenge,Positive
 A moment of shame for not speaking up against injustice., Shame        ,moment shame speaking injustice,Neutral
 Reflecting on the beauty of diversity in our world.     , Acceptance   ,reflecting beauty diversity world,Neutral
 Excitement for a quiet evening with a good book.        , Excitement   ,excitement quiet evening good book,Positive
 Feeling bitter about the unfairness in the workplace.   , Bitter       ,feeling bitter unfairness workplace,Negative
 Calmness prevails as I practice mindfulness.            , Calmness     ,calmness prevails practice mindfulness,Neutral
 Confusion surrounds me as I navigate through life's choices. , Confusion ,confusion surrounds navigate life choices,Neutral
 Excitement for a weekend road trip to explore new places. , Excitement ,excitement weekend road trip explore new places,Positive
 Kindness witnessed today restores my faith in humanity.  , Kind         ,kindness witnessed today restores faith humanity,Neutral
 Pride in accomplishing personal and professional goals.  , Pride        ,pride accomplishing personal professional goals,Positive
 Shame for not being true to my values in a difficult situation., Shame ,shame true values difficult situation,Negative
" Revisiting old memories, feeling a sense of elation. ", Elation       ,revisiting old memories feeling sense elation,Positive
 The victory of our team brought euphoria to the city. , Euphoria      ,victory team brought euphoria city,Neutral
" Embracing the beauty of nature, a moment of contentment. ", Contentment   ,embracing beauty nature moment contentment,Neutral
" Meditating by the serene lake, finding inner peace.   ", Serenity      ,meditating serene lake finding inner peace,Neutral
 Overflowing with gratitude for life's blessings.      , Gratitude     ,overflowing gratitude life blessings,Neutral
" Hopeful for a brighter tomorrow, despite challenges.  ", Hope          ,hopeful brighter tomorrow despite challenges,Neutral
 Empowered to make a difference in my community.        , Empowerment   ,empowered make difference community,Neutral
 Compassion in action: supporting a local charity event. , Compassion    ,compassion action supporting local charity event,Positive
" A moment of tenderness, connecting with loved ones.    ", Tenderness    ,moment tenderness connecting loved ones,Positive
 Arousal of excitement as I await a special announcement., Arousal       ,arousal excitement await special announcement,Positive
 Enthusiastically diving into a new project.            , Enthusiasm    ,enthusiastically diving new project,Positive
 Feeling a sense of fulfillment after reaching a milestone., Fulfillment  ,feeling sense fulfillment reaching milestone,Neutral
 Reverence for the beauty of a historic landmark.       , Reverence     ,reverence beauty historic landmark,Neutral
 Elation after a surprise reunion with old friends.    , Elation       ,elation surprise reunion old friends,Positive
 The euphoria of a live music concert under the stars.  , Euphoria      ,euphoria live music concert stars,Positive
 Contentment in the simplicity of a quiet Sunday.       , Contentment   ,contentment simplicity quiet sunday,Neutral
 Serenity found in the pages of a favorite book.        , Serenity      ,serenity found pages favorite book,Positive
 Gratitude for the support received during tough times. , Gratitude     ,gratitude support received tough times,Negative
 Hopeful about the possibilities of a new journey.      , Hope          ,hopeful possibilities new journey,Positive
 Empowerment through learning and personal growth.      , Empowerment   ,empowerment learning personal growth,Neutral
 Compassion towards those in need during the holidays.  , Compassion    ,compassion towards need holidays,Neutral
 Tenderness in the warmth of a cozy winter evening.     , Tenderness    ,tenderness warmth cozy winter evening,Negative
 Arousal of excitement for an upcoming adventure.       , Arousal       ,arousal excitement upcoming adventure,Neutral
 Enthusiasm for a creative project in the making.       , Enthusiasm    ,enthusiasm creative project making,Positive
 Fulfillment in completing a challenging workout routine., Fulfillment  ,fulfillment completing challenging workout routine,Positive
 Reverence for the artistry displayed in a museum.      , Reverence     ,reverence artistry displayed museum,Neutral
 Elation after achieving a personal goal.               , Elation       ,elation achieving personal goal,Neutral
 Elation over discovering a hidden gem in the city.   , Elation       ,elation discovering hidden gem city,Negative
 The euphoria of a surprise birthday celebration.     , Euphoria      ,euphoria surprise birthday celebration,Neutral
 Contentment in the simplicity of a home-cooked meal. , Contentment   ,contentment simplicity meal,Neutral
 Serenity found in the melody of a peaceful piano.    , Serenity      ,serenity found melody peaceful piano,Positive
 Gratitude for the supportive community around me.    , Gratitude     ,gratitude supportive community around,Positive
 Hopeful about the prospects of a new business venture., Hope          ,hopeful prospects new business venture,Positive
 Empowerment through mentoring and guiding others.    , Empowerment   ,empowerment mentoring guiding others,Neutral
 Compassion shown through acts of kindness in the community., Compassion,compassion shown acts kindness community,Neutral
 Tenderness in a heartfelt message to a loved one.    , Tenderness    ,tenderness heartfelt message loved one,Positive
 Arousal of excitement before a much-awaited trip.    , Arousal       ,arousal excitement trip,Neutral
 Enthusiasm for a new artistic project in the works.  , Enthusiasm    ,enthusiasm new artistic project works,Positive
 Feeling a sense of fulfillment after helping others. , Fulfillment   ,feeling sense fulfillment helping others,Neutral
 Reverence for the historical significance of a landmark., Reverence ,reverence historical significance landmark,Neutral
 Elation after achieving a fitness milestone.         , Elation       ,elation achieving fitness milestone,Neutral
 The euphoria of a successful product launch.         , Euphoria      ,euphoria successful product launch,Positive
 Contentment in the embrace of a loved one.           , Contentment   ,contentment embrace loved one,Positive
 Serenity found in the beauty of a sunset by the sea.  , Serenity      ,serenity found beauty sunset sea,Neutral
 Gratitude for the small joys that each day brings.   , Gratitude     ,gratitude small joys day brings,Negative
 Hopeful about the potential for personal growth.      , Hope          ,hopeful potential personal growth,Neutral
 Empowerment through learning a new skill.            , Empowerment   ,empowerment learning new skill,Positive
 Compassion in volunteering for a local charity.       , Compassion    ,compassion volunteering local charity,Neutral
 Tenderness in a quiet moment shared with a pet.      , Tenderness    ,tenderness quiet moment shared pet,Neutral
 Arousal of excitement for an upcoming festival.       , Arousal       ,arousal excitement upcoming festival,Neutral
 Enthusiasm for a DIY home improvement project.       , Enthusiasm    ,enthusiasm diy home improvement project,Neutral
 Fulfillment in completing a challenging puzzle.      , Fulfillment   ,fulfillment completing challenging puzzle,Positive
 Reverence for the wonders of nature on a hiking trail., Reverence ,reverence wonders nature hiking trail,Neutral
 Elation after a surprise reunion with a childhood friend., Elation   ,elation surprise reunion childhood friend,Neutral
 Suffering from despair after another setback.      , Despair         ,suffering despair another setback,Neutral
" Overwhelmed by grief, missing a loved one dearly.  ", Grief           ,overwhelmed grief missing loved one dearly,Negative
 Loneliness creeps in as the night grows colder.    , Loneliness      ,loneliness creeps night grows colder,Neutral
 Jealousy consumes me as I witness others' success. , Jealousy        ,jealousy consumes witness others success,Positive
 Resentment building up over past betrayals.        , Resentment      ,resentment building past betrayals,Negative
 Frustration mounts as obstacles block my path.     , Frustration     ,frustration mounts obstacles block path,Negative
" Boredom sets in, the day feels endlessly dull.     ", Boredom         ,boredom sets day feels endlessly dull,Negative
" Anxiety grips my heart, worry clouds my thoughts.  ", Anxiety         ,anxiety grips heart worry clouds thoughts,Neutral
 Intimidation by the unknown future ahead.          , Intimidation    ,intimidation unknown future ahead,Negative
 Helplessness sinks in as challenges pile up.       , Helplessness    ,helplessness sinks challenges pile,Negative
 Envy eats away at me as I see others' prosperity.  , Envy            ,envy eats away see others prosperity,Neutral
 Regret over missed opportunities haunts my thoughts., Regret         ,regret missed opportunities haunts thoughts,Neutral
 Disgust at the sight of injustice and cruelty.     , Disgust         ,disgust sight injustice cruelty,Neutral
" Drowning in despair, hope slipping through my fingers.", Despair      ,drowning despair hope slipping fingers,Negative
" Grief weighs heavy, tears a constant companion.    ", Grief           ,grief weighs heavy tears constant companion,Negative
" Loneliness in a crowded room, a silent cry for connection.", Loneliness ,loneliness crowded room silent cry connection,Neutral
" Jealousy gnaws at my confidence, a toxic emotion.  ", Jealousy        ,jealousy gnaws confidence toxic emotion,Neutral
" Resentment festers, poisoning relationships.       ", Resentment      ,resentment festers poisoning relationships,Neutral
" Frustration boils over, a volcanic eruption of emotions.", Frustration ,frustration boils volcanic eruption emotions,Neutral
" Boredom settles like dust, life feels mundane.     ", Boredom         ,boredom settles like dust life feels mundane,Negative
" Anxiety grips my chest, a relentless grip on my thoughts.", Anxiety   ,anxiety grips chest relentless grip thoughts,Neutral
" Intimidation by the challenges ahead, fear takes hold.", Intimidation ,intimidation challenges ahead fear takes hold,Neutral
" Helplessness engulfs me, drowning in a sea of problems.", Helplessness ,helplessness engulfs drowning sea problems,Neutral
" Envy poisons my thoughts, coveting others' success.", Envy            ,envy poisons thoughts coveting others success,Positive
 Regret for decisions that led to a painful present., Regret         ,regret decisions led painful present,Negative
 Disgust at the corruption that stains society.     , Disgust         ,disgust corruption stains society,Neutral
" Sinking in despair, each day darker than the last. ", Despair         ,sinking despair day darker last,Neutral
" Grief overwhelms, a storm of emotions within.      ", Grief           ,grief overwhelms storm emotions within,Negative
" Loneliness echoes in empty spaces, yearning for connection.", Loneliness ,loneliness echoes empty spaces yearning connection,Negative
" Jealousy poisons my thoughts, resentment brewing within.", Jealousy    ,jealousy poisons thoughts resentment brewing within,Neutral
" Resentment festers, a wound that refuses to heal.  ", Resentment      ,resentment festers wound refuses heal,Neutral
" Frustration escalates, a thunderstorm of emotions. ", Frustration     ,frustration escalates thunderstorm emotions,Neutral
" Boredom lingers, a stagnant pool of indifference.  ", Boredom         ,boredom lingers stagnant pool indifference,Neutral
" Embarking on a journey of discovery, fueled by curiosity and a thirst for knowledge. ", Curiosity       ,embarking journey discovery fueled curiosity thirst knowledge,Neutral
" Lost in the vast sea of information, an indifferent wave in the digital ocean. ", Indifference    ,lost vast sea information indifferent wave digital ocean,Neutral
" The complex puzzle of life leaves me in a state of perpetual confusion, seeking answers in the chaos. ", Confusion       ,complex puzzle life leaves state perpetual confusion seeking answers chaos,Negative
" A numbness settles over me, a shield against the overwhelming emotions life throws my way. ", Numbness        ,numbness settles shield overwhelming emotions life throws way,Positive
" Gazing at the sunset, a melancholic longing for moments that slip through the fingers of time. ", Melancholy      ,gazing sunset melancholic longing moments slip fingers time,Neutral
" Revisiting old photographs, caught in the embrace of nostalgia's bittersweet symphony. ", Nostalgia       ,revisiting old photographs caught embrace nostalgia bittersweet symphony,Positive
" Torn between conflicting emotions, an ambivalence that paints my decisions in shades of uncertainty. ", Ambivalence     ,torn conflicting emotions ambivalence paints decisions shades uncertainty,Neutral
" Embracing the ebb and flow of life, finding acceptance in the dance of existence. ", Acceptance      ,embracing ebb flow life finding acceptance dance existence,Neutral
" Facing challenges head-on, a determination that fuels the fire within to achieve the impossible. ", Determination   ,facing challenges determination fuels fire within achieve impossible,Negative
" Serenity found in the stillness of nature, a tranquil retreat from the chaos of the modern world. ", Serenity        ,serenity found stillness nature tranquil retreat chaos modern world,Positive
" Curiosity leading me down the rabbit hole of knowledge, a perpetual student in life's classroom. ", Curiosity       ,curiosity leading rabbit hole knowledge perpetual student life classroom,Neutral
" Floating through the day with an air of indifference, detached from the mundane happenings around. ", Indifference    ,floating day air indifference detached mundane happenings around,Negative
" Entangled in the web of thoughts, confusion reigning as I navigate the labyrinth of ideas. ", Confusion       ,entangled web thoughts confusion reigning navigate labyrinth ideas,Neutral
" Numb to the chaos, emotions locked away, a stoic facade concealing the inner turmoil. ", Numbness        ,numb chaos emotions locked away stoic facade concealing inner turmoil,Negative
" Melancholy whispers in the breeze, a silent conversation with the echoes of forgotten dreams. ", Melancholy      ,melancholy whispers breeze silent conversation echoes forgotten dreams,Neutral
" Stumbling upon an old journal, nostalgia flooding in waves, carrying me to moments long gone. ", Nostalgia       ,stumbling upon old journal nostalgia flooding waves carrying moments long gone,Positive
" A tapestry of conflicting feelings, weaving through uncertainty, caught in the threads of ambivalence. ", Ambivalence     ,tapestry conflicting feelings weaving uncertainty caught threads ambivalence,Neutral
" Embracing the flaws, finding acceptance in imperfection, a journey towards self-love. ", Acceptance      ,embracing flaws finding acceptance imperfection journey towards,Neutral
" Determination burning like a wildfire, overcoming obstacles, turning dreams into reality. ", Determination   ,determination burning like wildfire overcoming obstacles turning dreams reality,Negative
" Tranquil moments by the ocean, serenity washing over, a peaceful retreat within the waves' embrace. ", Serenity        ,tranquil moments ocean serenity washing peaceful retreat within waves embrace,Positive
" Exploring new horizons with the spark of curiosity, an adventurer in the vast landscape of knowledge. ", Curiosity       ,exploring new horizons spark curiosity adventurer vast landscape knowledge,Positive
" Drifting through the day with a nonchalant demeanor, embracing the art of indifference. ", Indifference    ,drifting day nonchalant demeanor embracing art indifference,Neutral
" Wrestling with thoughts, a perplexed mind lost in the labyrinth of life's complexities. ", Confusion       ,wrestling thoughts perplexed mind lost labyrinth life complexities,Positive
" Immersed in a state of emotional numbness, a shield against the storm of daily struggles. ", Numbness        ,immersed state emotional numbness shield storm daily struggles,Neutral
" A melancholic symphony playing in the background, the soundtrack of a wistful heart. ", Melancholy      ,melancholic symphony playing background soundtrack wistful heart,Neutral
" Flipping through the pages of an old yearbook, nostalgia painting smiles and tears on my face. ", Nostalgia       ,flipping pages old yearbook nostalgia painting smiles tears face,Positive
" Torn between opposing emotions, an ambivalence that colors my decisions with shades of uncertainty. ", Ambivalence     ,torn opposing emotions ambivalence colors decisions shades uncertainty,Neutral
" Embracing life's imperfections, finding acceptance in the journey, scars and all. ", Acceptance      ,embracing life imperfections finding acceptance journey scars,Neutral
" A fiery determination burning within, fueled by the vision of reaching unparalleled heights. ", Determination   ,fiery determination burning within fueled vision reaching unparalleled heights,Neutral
" Basking in the serenity of a quiet forest, where the whispers of nature bring peace to the soul. ", Serenity        ,basking serenity quiet forest whispers nature bring peace soul,Neutral
" Indifferent to the noise of the world, a silent observer in the midst of life's cacophony. ", Indifference    ,indifferent noise world silent observer midst life cacophony,Neutral
" Navigating through the labyrinth of thoughts, confusion a constant companion in the maze of ideas. ", Confusion       ,navigating labyrinth thoughts confusion constant companion maze ideas,Neutral
" An impenetrable numbness shields me from the emotional storms, a fortress of stoic resilience. ", Numbness        ,impenetrable numbness shields emotional storms fortress stoic resilience,Neutral
" Melancholy painting the world in hues of nostalgia, a canvas of bittersweet memories. ", Melancholy      ,melancholy painting world hues nostalgia canvas bittersweet memories,Neutral
" A journey into the past, flipping through the pages of an old diary, nostalgia taking the lead. ", Nostalgia       ,journey past flipping pages old diary nostalgia taking lead,Negative
" Ambivalence clouding decisions, caught in the crossroads of conflicting emotions. ", Ambivalence     ,ambivalence clouding decisions caught crossroads conflicting emotions,Neutral
" Embracing imperfections, finding acceptance in the mosaic of life's beautiful chaos. ", Acceptance      ,embracing imperfections finding acceptance mosaic life beautiful chaos,Positive
" Determination as the driving force, propelling me forward on the path to extraordinary achievements. ", Determination   ,determination driving force propelling forward path extraordinary achievements,Positive
" Seeking serenity in the melody of raindrops, a tranquil escape from the noise of everyday life. ", Serenity        ,seeking serenity melody raindrops tranquil escape noise everyday life,Negative
" Curiosity driving the exploration of the unknown, a seeker of knowledge in uncharted territories. ", Curiosity       ,curiosity driving exploration unknown seeker knowledge uncharted territories,Negative
" Drifting through the day with an air of nonchalance, indifferent to the trivialities of life. ", Indifference    ,drifting day air nonchalance indifferent trivialities life,Neutral
" Lost in the labyrinth of thoughts, confusion casting shadows on the quest for clarity. ", Confusion       ,lost labyrinth thoughts confusion casting shadows quest clarity,Neutral
" Wrapped in the cloak of emotional numbness, a shield against the storms of life's turbulence. ", Numbness        ,wrapped cloak emotional numbness shield storms life turbulence,Neutral
" Melancholy as a companion, painting the canvas of life with the brushstrokes of wistful yearning. ", Melancholy      ,melancholy companion painting canvas life brushstrokes wistful yearning,Neutral
" Leafing through the pages of an old photo album, nostalgia weaving tales of laughter and tears. ", Nostalgia       ,leafing pages old photo album nostalgia weaving tales laughter tears,Positive
" Ambivalence in the air, caught between the crossroads of conflicting emotions and decisions. ", Ambivalence     ,ambivalence air caught crossroads conflicting emotions decisions,Neutral
" Embracing the beauty in imperfections, finding acceptance in the mosaic of life's unpredictable art. ", Acceptance      ,embracing beauty imperfections finding acceptance mosaic life unpredictable art,Negative
" Determination ablaze, forging a path through challenges, sculpting dreams into tangible realities. ", Determination   ,determination ablaze forging path challenges sculpting dreams tangible realities,Neutral
" Immerse in the serenity of a moonlit night, where the quiet whispers of nature bring peace to the soul. ", Serenity        ,immerse serenity moonlit night quiet whispers nature bring peace soul,Neutral
" Fueled by curiosity, venturing into uncharted realms, a fearless explorer of the mysteries of the world. ", Curiosity       ,fueled curiosity venturing uncharted realms fearless explorer mysteries world,Neutral
"Wrapped in the cloak of emotional numbness, a shield against the storms of life's turbulence. ", Numbness ,wrapped cloak emotional numbness shield storms life turbulence,Neutral
" Dancing through life with the exuberance of a carefree spirit, embracing joy and zest at every turn. ", Zest ,dancing life exuberance carefree spirit embracing joy zest every turn,Positive
" Basking in the golden glow of contentment, a serene river flowing through the landscape of the heart. ", Contentment ,basking golden glow contentment serene river flowing landscape heart,Positive
" Gazing towards the horizon with hopeful eyes, painting a canvas of dreams illuminated by the sun of optimism. ", Hopeful ,gazing towards horizon hopeful eyes painting canvas dreams illuminated sun optimism,Neutral
" Standing tall, proud as an oak, the branches of achievement reaching towards the sky of accomplishment. ", Proud ,standing tall proud oak branches achievement reaching towards sky accomplishment,Positive
" A heart overflowing with gratitude, a garden where appreciation blooms in the soil of kindness and connection. ", Grateful ,heart overflowing gratitude garden appreciation blooms soil kindness connection,Neutral
" Extending a hand, empathetic threads weaving a tapestry of understanding, embracing the joys and sorrows of others. ", Empathetic ,extending hand empathetic threads weaving tapestry understanding embracing joys sorrows others,Neutral
" Compassionate clouds, heavy with care, showering empathy on the parched grounds of human suffering. ", Compassionate ,compassionate clouds heavy care showering empathy parched grounds human suffering,Negative
" Playfully dancing in the rain of laughter, a whimsical spirit twirling in the puddles of joy and lightheartedness. ", Playful ,playfully dancing rain laughter whimsical spirit twirling puddles joy lightheartedness,Positive
" Soaring on the wings of a free spirit, unburdened by the chains of conformity, painting the sky with independence. ", Free-spirited ,soaring wings free spirit unburdened chains conformity painting sky independence,Positive
" Bathed in the glow of inspiration, a creative phoenix rising from the ashes of ordinary thoughts to explore new realms. ", Inspired ,bathed glow inspiration creative phoenix rising ashes ordinary thoughts explore new realms,Positive
" Navigating the sea of hope, sailing towards the sunrise of possibilities, confident in the ship of positive anticipation. ", Hopeful ,navigating sea hope sailing towards sunrise possibilities confident ship positive anticipation,Positive
" Striding with confidence, footprints of self-assuredness imprinted on the sands of challenges conquered and victories claimed. ", Confident ,striding confidence footprints imprinted sands challenges conquered victories claimed,Neutral
" Lost in the symphony of the night, a moonlit serenade that whispers tales of wanderlust and moonlit dreams. ", Serenity ,lost symphony night moonlit serenade whispers tales wanderlust moonlit dreams,Neutral
" Unveiling the layers of curiosity, a labyrinth of questions leading to the treasure troves of undiscovered knowledge. ", Curiosity ,unveiling layers curiosity labyrinth questions leading treasure troves undiscovered knowledge,Neutral
" In the embrace of the autumn breeze, leaves of ambivalence dancing in a waltz between choices and uncertainties. ", Ambivalence ,embrace autumn breeze leaves ambivalence dancing waltz choices uncertainties,Neutral
" Gratitude as a guiding star, navigating the constellation of blessings in the vast universe of life's precious moments. ", Grateful ,gratitude guiding star navigating constellation blessings vast universe life precious moments,Positive
" With a zestful heart, sprinting through fields of enthusiasm, chasing sunbeams and laughter in the meadows of joy. ", Zest ,zestful heart sprinting fields enthusiasm chasing sunbeams laughter meadows joy,Positive
" A compassionate rain, tears of empathy falling gently, nurturing the seeds of kindness in the garden of human connections. ", Compassionate ,compassionate rain tears empathy falling gently nurturing seeds kindness garden human connections,Positive
" Proudly scaling the peaks of achievement, a mountaineer conquering challenges and planting the flag of success. ", Proud ,proudly scaling peaks achievement mountaineer conquering challenges planting flag success,Positive
" Embraced by the hopeful dawn, a gardener sowing seeds of optimism, tending to the blooms of a brighter tomorrow. ", Hopeful ,embraced hopeful dawn gardener sowing seeds optimism tending blooms brighter tomorrow,Neutral
" A playful escapade in the carnival of life, carousel laughter and cotton candy dreams swirling in the joyous atmosphere. ", Playful ,playful escapade carnival life carousel laughter cotton candy dreams swirling joyous atmosphere,Neutral
" Floating on clouds of inspiration, an artist painting the sky with strokes of creativity, creating a masterpiece of dreams. ", Inspired ,floating clouds inspiration artist painting sky strokes creativity creating masterpiece dreams,Neutral
" Navigating the river of contentment, a serene boat cruise through the tranquil waters of inner peace and acceptance. ", Contentment ,navigating river contentment serene boat cruise tranquil waters inner peace acceptance,Neutral
" With empathy as a lantern, wandering through the dark alleys of sorrow, illuminating the path with compassion and care. ", Empathetic ,empathy lantern wandering dark alleys sorrow illuminating path compassion care,Negative
" A free spirit soaring on the wings of dreams, leaving trails of independence in the azure sky of boundless possibilities. ", Free-spirited ,free spirit soaring wings dreams leaving trails independence azure sky boundless possibilities,Positive
" Bathed in the golden hues of gratefulness, a sunset of appreciation casting its warm glow on the landscapes of the heart. ", Grateful ,bathed golden hues gratefulness sunset appreciation casting warm glow landscapes heart,Positive
" Confident strides in the dance of life, a ballroom where self-assuredness leads, twirling through challenges with grace. ", Confident ,confident strides dance life ballroom leads twirling challenges grace,Positive
" Hopeful whispers of wind, carrying the promises of a brighter tomorrow, a symphony of optimism in the air of possibilities. ", Hopeful ,hopeful whispers wind carrying promises brighter tomorrow symphony optimism air possibilities,Neutral
" Playfully juggling responsibilities, a circus performer balancing the acts of work and joy, tossing laughter into the air. ", Playful ,playfully juggling responsibilities circus performer balancing acts work joy tossing laughter air,Positive
" Whispering tales of inspiration to the stars, a storyteller crafting constellations from the threads of imagination. ", Inspired ,whispering tales inspiration stars storyteller crafting constellations threads imagination,Neutral
" Charting a course through the waves of hopeful anticipation, a sailor steering towards the shores of dreams yet unexplored. ", Hopeful ,charting course waves hopeful anticipation sailor steering towards shores dreams yet unexplored,Neutral
" A compassionate rain, tears of empathy falling gently, nurturing the seeds of kindness in the garden of human connections. ", Compassionate ,compassionate rain tears empathy falling gently nurturing seeds kindness garden human connections,Positive
" Proudly scaling the peaks of achievement, a mountaineer conquering challenges and planting the flag of success. ", Proud ,proudly scaling peaks achievement mountaineer conquering challenges planting flag success,Positive
" Embraced by the hopeful dawn, a gardener sowing seeds of optimism, tending to the blooms of a brighter tomorrow. ", Hopeful ,embraced hopeful dawn gardener sowing seeds optimism tending blooms brighter tomorrow,Neutral
" A playful escapade in the carnival of life, carousel laughter and cotton candy dreams swirling in the joyous atmosphere. ", Playful ,playful escapade carnival life carousel laughter cotton candy dreams swirling joyous atmosphere,Neutral
" Floating on clouds of inspiration, an artist painting the sky with strokes of creativity, creating a masterpiece of dreams. ", Inspired ,floating clouds inspiration artist painting sky strokes creativity creating masterpiece dreams,Neutral
" Navigating the river of contentment, a serene boat cruise through the tranquil waters of inner peace and acceptance. ", Contentment ,navigating river contentment serene boat cruise tranquil waters inner peace acceptance,Neutral
" With empathy as a lantern, wandering through the dark alleys of sorrow, illuminating the path with compassion and care. ", Empathetic ,empathy lantern wandering dark alleys sorrow illuminating path compassion care,Negative
" A free spirit soaring on the wings of dreams, leaving trails of independence in the azure sky of boundless possibilities. ", Free-spirited ,free spirit soaring wings dreams leaving trails independence azure sky boundless possibilities,Positive
" Bathed in the golden hues of gratefulness, a sunset of appreciation casting its warm glow on the landscapes of the heart. ", Grateful ,bathed golden hues gratefulness sunset appreciation casting warm glow landscapes heart,Positive
" Confident strides in the dance of life, a ballroom where self-assuredness leads, twirling through challenges with grace. ", Confident ,confident strides dance life ballroom leads twirling challenges grace,Positive
" Hopeful whispers of wind, carrying the promises of a brighter tomorrow, a symphony of optimism in the air of possibilities. ", Hopeful ,hopeful whispers wind carrying promises brighter tomorrow symphony optimism air possibilities,Neutral
" Playfully juggling responsibilities, a circus performer balancing the acts of work and joy, tossing laughter into the air. ", Playful ,playfully juggling responsibilities circus performer balancing acts work joy tossing laughter air,Positive
" Whispering tales of inspiration to the stars, a storyteller crafting constellations from the threads of imagination. ", Inspired ,whispering tales inspiration stars storyteller crafting constellations threads imagination,Neutral
" Charting a course through the waves of hopeful anticipation, a sailor steering towards the shores of dreams yet unexplored. ", Hopeful ,charting course waves hopeful anticipation sailor steering towards shores dreams yet unexplored,Neutral
" A compassionate rain, tears of empathy falling gently, nurturing the seeds of kindness in the garden of human connections. ", Compassionate ,compassionate rain tears empathy falling gently nurturing seeds kindness garden human connections,Positive
" Proudly scaling the peaks of achievement, a mountaineer conquering challenges and planting the flag of success. ", Proud ,proudly scaling peaks achievement mountaineer conquering challenges planting flag success,Positive
" Embraced by the hopeful dawn, a gardener sowing seeds of optimism, tending to the blooms of a brighter tomorrow. ", Hopeful ,embraced hopeful dawn gardener sowing seeds optimism tending blooms brighter tomorrow,Neutral
" A playful escapade in the carnival of life, carousel laughter and cotton candy dreams swirling in the joyous atmosphere. ", Playful ,playful escapade carnival life carousel laughter cotton candy dreams swirling joyous atmosphere,Neutral
" Drowning in the abyss of despair, a heart shattered into fragments, lost in the echoing silence of hopelessness. ", Despair ,drowning abyss despair heart shattered fragments lost echoing silence hopelessness,Neutral
" Bitterness festering like a venomous vine, entwining the soul in a web of resentment, poisoning the garden of peace. ", Bitterness ,bitterness festering like venomous vine entwining soul web resentment poisoning garden peace,Neutral
" Wandering through the desert of loneliness, each step a heavy sigh, mirages of connection shimmering but never materializing. ", Loneliness ,wandering desert loneliness step heavy sigh mirages connection shimmering never materializing,Negative
" Yearning for a touch that's not there, echoes of a distant warmth haunting the heart in the cold embrace of solitude. ", Yearning ,yearning touch echoes distant warmth haunting heart cold embrace solitude,Negative
" Eyes wide open in the night, fearful shadows dancing on the walls, the mind a prisoner of imagined horrors. ", Fearful ,eyes wide open night fearful shadows dancing walls mind prisoner imagined horrors,Negative
" Apprehensive steps on the tightrope of uncertainty, a balancing act where the fall seems inevitable, anxiety a constant companion. ", Apprehensive ,apprehensive steps tightrope uncertainty balancing act fall seems inevitable anxiety constant companion,Neutral
" Overwhelmed by the weight of the world, Atlas with trembling shoulders, each responsibility a boulder in the landscape of exhaustion. ", Overwhelmed ,overwhelmed weight world atlas trembling shoulders responsibility boulder landscape exhaustion,Neutral
" Jealousy, a green-eyed monster, lurking in the shadows, casting a dark cloud over the sunshine of others' success. ", Jealous ,jealousy monster lurking shadows casting dark cloud sunshine others success,Positive
" Devastated by the storm of betrayal, the wreckage of trust scattered like debris, a heart torn by the winds of broken promises. ", Devastated ,devastated storm betrayal wreckage trust scattered like debris heart torn winds broken promises,Negative
" Frustrated fingers tapping on the keyboard, a symphony of annoyance composing an unsolvable puzzle of unmet expectations. ", Frustrated ,frustrated fingers tapping keyboard symphony annoyance composing unsolvable puzzle unmet expectations,Negative
" Envious eyes fixated on the gilded prize, a heartache fueled by the painful desire for possessions that seem forever out of reach. ", Envious ,envious eyes fixated gilded prize heartache fueled painful desire possessions seem forever reach,Negative
" Dismissive glances, a fortress built with indifference, walls impenetrable to the pleas of understanding and recognition. ", Dismissive ,dismissive glances fortress built indifference walls impenetrable pleas understanding recognition,Neutral
" Shattered dreams lie on the floor like fragments of glass, a mosaic of disappointment crafted by the hands of frustration. ", Frustrated ,shattered dreams lie floor like fragments glass mosaic disappointment crafted hands frustration,Negative
" Loneliness, a silent companion in the night, the only echo in the chamber of solitude, a heart's solitary nocturne. ", Loneliness ,loneliness silent companion night echo chamber solitude heart solitary nocturne,Neutral
" Fearful whispers in the dark, the mind haunted by the specter of the unknown, shadows dancing to the rhythm of anxiety's tune. ", Fearful ,fearful whispers dark mind haunted specter unknown shadows dancing rhythm anxiety tune,Negative
" Bitterness, a bitter aftertaste lingering on the tongue, each word a reminder of wounds that refuse to heal with the passing of time. ", Bitterness ,bitterness bitter aftertaste lingering tongue word reminder wounds refuse heal passing time,Negative
" Overwhelmed by the cacophony of expectations, a drowning soul in the tempest of pressure, struggling to stay afloat. ", Overwhelmed ,overwhelmed cacophony expectations drowning soul tempest pressure struggling stay afloat,Neutral
" Jealousy, a venom that seeps through the veins, poisoning the heart and turning it into a breeding ground for discontent. ", Jealous ,jealousy venom seeps veins poisoning heart turning breeding ground discontent,Neutral
" Devastated by the revelation of betrayal, the trust shattered like fragile glass, leaving shards of pain in its wake. ", Devastated ,devastated revelation betrayal trust shattered like fragile glass leaving shards pain wake,Neutral
" Frustrated attempts to mend a broken connection, the threads of understanding slipping through the fingers like grains of sand. ", Frustrated ,frustrated attempts mend broken connection threads understanding slipping fingers like grains sand,Negative
" Envious gazes cast upon the podium of success, a bitter pill swallowed, the taste lingering as a constant reminder of unattained heights. ", Envious ,envious gazes cast upon podium success bitter pill swallowed taste lingering constant reminder unattained heights,Positive
" Dismissive gestures, a curtain drawn to shield the vulnerability, a stage where emotions take a backseat to the performance of indifference. ", Dismissive ,dismissive gestures curtain drawn shield vulnerability stage emotions take backseat performance indifference,Neutral
" Despair like a heavy fog, enveloping every thought, blurring the path ahead, a journey in the labyrinth of utter hopelessness. ", Despair ,despair like heavy fog enveloping every thought blurring path ahead journey labyrinth utter hopelessness,Negative
" Bitterness, a bitter chill in the air, freezing moments into icicles of resentment that dangle precariously over the landscape of memory. ", Bitterness ,bitterness bitter chill air freezing moments icicles resentment dangle precariously landscape memory,Negative
" Loneliness, a solitary moon in a starless sky, casting a cold glow on the landscape of isolation, where echoes bounce in empty spaces. ", Loneliness ,loneliness solitary moon starless sky casting cold glow landscape isolation echoes bounce empty spaces,Negative
" Yearning for the warmth of a vanished sun, a heartache painted in the hues of a sunset that never graced the horizon. ", Yearning ,yearning warmth vanished sun heartache painted hues sunset never graced horizon,Neutral
" Fearful eyes scanning the shadows, a prisoner of the night, terrorized by the lurking monsters born from the mind's darkest corners. ", Fearful ,fearful eyes scanning shadows prisoner night terrorized lurking monsters born mind darkest corners,Negative
" Apprehensive whispers in the wind, a forecast of uncertainty, the mind's weather vane spinning wildly in the storm of doubt. ", Apprehensive ,apprehensive whispers wind forecast uncertainty mind weather vane spinning wildly storm doubt,Positive
" Overwhelmed by the maze of expectations, a minotaur of pressure lurking in the labyrinth, waiting to devour the spirit of resilience. ", Overwhelmed ,overwhelmed maze expectations minotaur pressure lurking labyrinth waiting devour spirit resilience,Neutral
" Jealousy, a festering wound, the pain intensifying with each glance at the garden of others' achievements, blooming beyond the fence. ", Jealous ,jealousy festering wound pain intensifying glance garden others achievements blooming beyond fence,Neutral
" Devastated, a heart in ruins, the echoes of shattered dreams reverberating in the chambers, a requiem for what once was whole. ", Devastated ,devastated heart ruins echoes shattered dreams reverberating chambers requiem whole,Positive
" Frustrated attempts to untangle the knot of confusion, the threads of understanding slipping further into the labyrinth of miscommunication. ", Frustrated ,frustrated attempts untangle knot confusion threads understanding slipping labyrinth miscommunication,Negative
" Envious eyes locked on the treasure chest of opportunities, a heartache fueled by the desire for keys that seem forever elusive. ", Envious ,envious eyes locked treasure chest opportunities heartache fueled desire keys seem forever elusive,Neutral
" Dismissive gestures, a curtain drawn to shield the vulnerability, a stage where emotions take a backseat to the performance of indifference. ", Dismissive ,dismissive gestures curtain drawn shield vulnerability stage emotions take backseat performance indifference,Neutral
" Shattered dreams lie on the floor like fragments of glass, a mosaic of disappointment crafted by the hands of frustration. ", Frustrated ,shattered dreams lie floor like fragments glass mosaic disappointment crafted hands frustration,Negative
" Loneliness, a silent companion in the night, the only echo in the chamber of solitude, a heart's solitary nocturne. ", Loneliness ,loneliness silent companion night echo chamber solitude heart solitary nocturne,Neutral
Awe-struck by the breathtaking sunrise over the mountains.      , Awe           ,breathtaking sunrise mountains,Positive
Navigating through the challenges with determination.          , Determination ,navigating challenges determination,Neutral
Nostalgia hits while flipping through an old photo album.     , Nostalgia      ,nostalgia hits flipping old photo album,Positive
Thrilled to witness the grandeur of a cultural festival.       , Thrill        ,thrilled witness grandeur cultural festival,Positive
Calmness found in the rhythm of raindrops on the windowpane.   , Calmness      ,calmness found rhythm raindrops windowpane,Neutral
Overwhelmed by the support received during a personal challenge., Overwhelmed   ,overwhelmed support received personal challenge,Neutral
Excitement builds as the countdown to a long-awaited vacation begins. , Excitement ,excitement builds countdown vacation begins,Neutral
"Reflecting on life's journey, grateful for the lessons learned. ", Gratitude   ,reflecting life journey grateful lessons learned,Neutral
Bittersweet emotions arise while bidding farewell to a dear friend. , Bittersweet ,bittersweet emotions arise bidding farewell dear friend,Neutral
Curiosity sparked by exploring a mysterious ancient ruin.      , Curiosity     ,curiosity sparked exploring mysterious ancient ruin,Neutral
Admiration for the intricate details of a handcrafted masterpiece. , Admiration    ,admiration intricate details handcrafted masterpiece,Neutral
Overjoyed by the warmth of a cozy fireplace on a winter evening.   , Overjoyed     ,overjoyed warmth cozy fireplace winter evening,Negative
Inspiration strikes while observing the colors of a vibrant sunset., Inspiration   ,inspiration strikes observing colors vibrant sunset,Positive
Motivated to achieve fitness goals after an invigorating workout.  , Motivation    ,motivated achieve fitness goals invigorating workout,Neutral
Gratitude for the simple joys found in a cup of morning coffee.    , Gratitude     ,gratitude simple joys found cup morning coffee,Neutral
Feeling empowered after conquering a challenging hiking trail.     , Empowerment   ,feeling empowered conquering challenging hiking trail,Positive
Amused by the antics of playful kittens during playtime.           , Amusement     ,amused antics playful kittens playtime,Neutral
Contemplating life's mysteries under the starry night sky.         , Contemplation ,contemplating life mysteries starry night sky,Neutral
Joyful reunion with long-lost friends after years of separation.   , JoyfulReunion ,joyful reunion friends years separation,Neutral
Excitement builds while preparing for a surprise celebration.     , Excitement    ,excitement builds preparing surprise celebration,Neutral
Satisfaction derived from successfully completing a DIY project.  , Satisfaction  ,satisfaction derived successfully completing diy project,Positive
Feeling blessed for the supportive community in times of need.    , Blessed       ,feeling blessed supportive community times need,Positive
Captivated by the serenity of a tranquil garden in full bloom.     , Serenity      ,captivated serenity tranquil garden full bloom,Positive
Anticipation for an upcoming adventure in an exotic destination.   , Anticipation  ,anticipation upcoming adventure exotic destination,Positive
Reflecting on personal growth achieved through life experiences.  , Reflection    ,reflecting personal growth achieved life experiences,Neutral
Nostalgic memories flood in while revisiting childhood favorites. , Nostalgia     ,nostalgic memories flood revisiting childhood favorites,Negative
Appreciation for the vibrant culture experienced during travel.   , Appreciation  ,appreciation vibrant culture experienced travel,Positive
Confidence soars after overcoming public speaking anxiety.       , Confidence    ,confidence soars overcoming public speaking anxiety,Neutral
Contentment in the midst of a family gathering filled with laughter. , Contentment   ,contentment midst family gathering filled laughter,Positive
Enthusiasm for learning new skills and expanding knowledge.      , Enthusiasm    ,enthusiasm learning new skills expanding knowledge,Positive
Surprise and delight at discovering a hidden gem in the city.    , Surprise      ,surprise delight discovering hidden gem city,Negative
A sense of accomplishment after completing a challenging workout., Accomplishment ,sense accomplishment completing challenging workout,Positive
Wonderment at the beauty of a double rainbow after the rain.     , Wonderment    ,wonderment beauty double rainbow rain,Neutral
Optimism for a bright future amidst challenging times.           , Optimism      ,optimism bright future amidst challenging times,Positive
Pride in achieving a personal milestone in career progression.   , Pride         ,pride achieving personal milestone career progression,Neutral
Happiness blooms like flowers in a garden on a sunny day.        , Happiness     ,happiness blooms like flowers garden sunny day,Positive
Elation over discovering a rare book in a quaint bookstore.      , Elation       ,elation discovering rare book quaint bookstore,Positive
Curiosity piqued by the mysteries of an ancient archaeological site., Curiosity   ,curiosity piqued mysteries ancient archaeological site,Neutral
Mesmerized by the cosmic dance of fireflies on a moonlit night.    , Enchantment   ,mesmerized cosmic dance fireflies moonlit night,Neutral
Intrigued by the symphony of colors in an abstract art exhibition. , Intrigue      ,intrigued symphony colors abstract art exhibition,Neutral
Giggles and joy echo in the air during a children's playdate.      , PlayfulJoy    ,giggles joy echo air children playdate,Positive
Enveloped in serenity while practicing mindfulness by the lake.    , Mindfulness   ,enveloped serenity practicing mindfulness lake,Neutral
Chasing dreams like a kite soaring high in the vast open sky.      , DreamChaser   ,chasing dreams like kite soaring high vast open sky,Positive
Spellbound by the elegance of a ballroom dance under crystal chandeliers. , Elegance ,spellbound elegance ballroom dance crystal chandeliers,Neutral
Whimsical delight in a world of fairy tales and magical creatures.  , Whimsy        ,whimsical delight world fairy tales magical creatures,Neutral
Pensive contemplation amid the ancient ruins of a forgotten civilization. , Pensive ,pensive contemplation amid ancient ruins forgotten civilization,Negative
Embracing the thrill of speed on a rollercoaster's exhilarating twists. , Thrill      ,embracing thrill speed rollercoaster exhilarating twists,Positive
Harmony resonates as musicians play a melody of unity and togetherness. , Harmony    ,harmony resonates musicians play melody unity togetherness,Neutral
A burst of creativity in the quiet solitude of an artist's studio.  , Creativity   ,burst creativity quiet solitude artist studio,Neutral
Radiant joy akin to blooming flowers on a sun-kissed spring morning. , Radiance    ,radiant joy akin blooming flowers spring morning,Positive
A sense of wonder at the vastness of the cosmos on a stargazing night. , Wonder     ,sense wonder vastness cosmos stargazing night,Neutral
Rejuvenated by the salty breeze and the sound of waves at the seaside. , Rejuvenation ,rejuvenated salty breeze sound waves seaside,Positive
Whispers of inspiration from the rustling leaves in a serene forest. , Inspiration ,whispers inspiration rustling leaves serene forest,Neutral
Savoring the warmth of a cup of cocoa on a chilly winter evening.   , Coziness     ,savoring warmth cup cocoa chilly winter evening,Negative
Heartfelt gratitude for the laughter shared during a family reunion. , Gratitude  ,heartfelt gratitude laughter shared family reunion,Neutral
"Embarking on a culinary adventure, savoring exotic flavors around the world. ", Adventure ,embarking culinary adventure savoring exotic flavors around world,Positive
Euphoria floods in as the final puzzle piece clicks into place.       , Euphoria   ,euphoria floods final puzzle piece clicks place,Neutral
Awe-inspired by the grandeur of an ancient cathedral's intricate architecture. , Awe    ,grandeur ancient cathedral intricate architecture,Neutral
Captivated by the ethereal beauty of a field filled with fireflies. , Enchantment   ,captivated ethereal beauty field filled fireflies,Positive
Immersed in the enchanting melodies of a street musician's violin. , Melodic       ,immersed enchanting melodies street musician violin,Neutral
Joyful laughter resonates through a lively summer carnival.         , FestiveJoy    ,joyful laughter resonates lively summer carnival,Positive
Exploring the universe within during a mindful meditation session. , InnerJourney  ,exploring universe within mindful meditation session,Neutral
Soaring like a free spirit on the winds of a coastal cliff.        , Freedom       ,soaring like free spirit winds coastal cliff,Positive
Dazzled by the elegance of a masquerade ball's dazzling costumes. , Dazzle        ,dazzled elegance masquerade ball dazzling costumes,Positive
Whimsical delight in a world of whimsical fairy tales.             , Whimsy        ,whimsical delight world whimsical fairy tales,Negative
Reflective contemplation amid the ruins of a forgotten era.        , Reflection    ,reflective contemplation amid ruins forgotten era,Negative
Riding the adrenaline rush on a rollercoaster's wild twists.      , Adrenaline     ,riding adrenaline rush rollercoaster wild twists,Positive
Harmony resonates as musicians play a symphony of unity.           , Harmony       ,harmony resonates musicians play symphony unity,Neutral
A burst of artistic creativity in the quietude of an artist's studio. , ArtisticBurst ,burst artistic creativity quietude artist studio,Positive
Radiant joy akin to blossoming flowers on a sunlit spring morning. , Radiance      ,radiant joy akin blossoming flowers sunlit spring morning,Positive
Awe-inspired by the vastness of the cosmos on a stargazing night.   , Wonder       ,vastness cosmos stargazing night,Neutral
Rejuvenated by the salty breeze and the sound of waves at the seaside. , Rejuvenation ,rejuvenated salty breeze sound waves seaside,Positive
Whispers of inspiration from the rustling leaves in a serene forest. , Inspiration  ,whispers inspiration rustling leaves serene forest,Neutral
Savoring the warmth of a cup of cocoa on a chilly winter evening.   , Coziness     ,savoring warmth cup cocoa chilly winter evening,Negative
Heartfelt gratitude for the laughter shared during a family reunion. , Gratitude  ,heartfelt gratitude laughter shared family reunion,Neutral
"Embarking on a culinary odyssey, savoring flavors around the world. ", CulinaryOdyssey ,embarking culinary odyssey savoring flavors around world,Neutral
Euphoria floods in as the final puzzle piece fits perfectly.       , Euphoria     ,euphoria floods final puzzle piece fits perfectly,Positive
Awe-struck by the grandeur of an ancient cathedral's intricate architecture. , Awe    ,grandeur ancient cathedral intricate architecture,Neutral
Curiosity awakened by the mysteries of an ancient archaeological site. , Curiosity  ,curiosity awakened mysteries ancient archaeological site,Neutral
Giddy with excitement as the first snowflakes dance from the sky. , Excitement   ,giddy excitement first snowflakes dance sky,Positive
Contentment envelops as the aroma of freshly baked bread fills the air. , Contentment ,contentment envelops aroma freshly baked bread fills air,Positive
Inspired by the resilience of a lone tree standing tall in a storm. , Resilience   ,inspired resilience lone tree standing tall storm,Neutral
"Lost in the pages of a captivating novel, transported to another world. ", Immersion ,lost pages captivating novel transported another world,Positive
Drenched in nostalgia while flipping through an old family photo album. , Nostalgia ,drenched nostalgia flipping old family photo album,Positive
Spark of inspiration ignites like a shooting star in the night sky. , Spark        ,spark inspiration ignites like shooting star night sky,Neutral
Imbued with gratitude for the simple pleasure of a warm cup of tea. , Gratitude    ,imbued gratitude simple pleasure warm cup tea,Positive
Marveling at the kaleidoscope of colors in a vibrant street market. , Marvel       ,marveling kaleidoscope colors vibrant street market,Positive
Awash with serenity as the sun sets over a tranquil lakeside retreat. , Serenity   ,awash serenity sun sets tranquil lakeside retreat,Neutral
Drowning in sorrow as memories of lost love resurface.            , Heartbreak    ,drowning sorrow memories lost love resurface,Positive
Numbness sets in as the weight of loneliness grows heavier.       , Loneliness    ,numbness sets weight loneliness grows heavier,Neutral
"Tears fall like raindrops, mourning the end of a cherished friendship. ", Grief      ,tears fall like raindrops mourning end cherished friendship,Neutral
"Despair clouds the mind, feeling adrift in an endless sea of darkness. ", Despair   ,despair clouds mind feeling adrift endless sea darkness,Negative
"Shattered by betrayal, trust crumbles like fragile glass.          ", Betrayal      ,shattered betrayal trust crumbles like fragile glass,Neutral
"Aching heart, the symphony of pain plays in the silence of solitude. ", Suffering ,aching heart symphony pain plays silence solitude,Neutral
"Emotional storm, a whirlwind of sadness engulfs every thought.    ", EmotionalStorm ,emotional storm whirlwind sadness engulfs every thought,Neutral
"Haunted by regrets, the ghost of the past lingers relentlessly.   ", Regret        ,haunted regrets ghost past lingers relentlessly,Negative
"Torn apart by grief, the echoes of loss reverberate through the soul. ", Grief      ,torn apart grief echoes loss reverberate soul,Negative
"Isolation deepens, an emotional winter where warmth is but a distant memory. ", Isolation ,isolation deepens emotional winter warmth distant memory,Negative
"Soul-crushing disappointment, hopes shattered like fragile glass. ", Disappointment ,disappointment hopes shattered like fragile glass,Negative
"Painful echoes of a love once cherished, now lost in the abyss of time. ", LostLove ,painful echoes love cherished lost abyss time,Negative
"Heartache deepens, a solitary journey through the abyss of despair. ", Despair   ,heartache deepens solitary journey abyss despair,Neutral
"Melancholy lingers, a bittersweet serenade in the quietude of solitude. ", Melancholy ,melancholy lingers bittersweet serenade quietude solitude,Neutral
"Bitterness like a poison, seeping into every crevice of the wounded heart. ", Bitterness ,bitterness like poison seeping every crevice wounded heart,Neutral
"Emotional exhaustion, the weight of the world crushing weary shoulders. ", Exhaustion ,emotional exhaustion weight world crushing weary shoulders,Positive
"Sorrowful echoes, a symphony of pain played by the strings of loss. ", Sorrow      ,sorrowful echoes symphony pain played strings loss,Neutral
"Darkness descends, engulfing the soul in the shadows of despair.  ", Darkness     ,darkness descends engulfing soul shadows despair,Neutral
"Desperation whispers, the silent plea for a glimmer of hope in the abyss. ", Desperation ,desperation whispers silent plea glimmer hope abyss,Neutral
"Heart in ruins, the remnants of shattered dreams scattered in the wind. ", Ruins      ,heart ruins remnants shattered dreams scattered wind,Negative
"Shattered by the echoes of a shattered dream, fragments of hope scattered. ", Desolation ,shattered echoes shattered dream fragments hope scattered,Neutral
"Avoiding the thorns of regret, walking barefoot on the path of remorse. ", Regret ,avoiding thorns regret walking barefoot path remorse,Neutral
"In the labyrinth of grief, the walls echo with the footsteps of lost joy. ", Grief ,labyrinth grief walls echo footsteps lost joy,Neutral
"A soul adrift in the sea of solitude, waves of loneliness crashing relentlessly. ", Loneliness ,soul adrift sea solitude waves loneliness crashing relentlessly,Neutral
"The bitterness of betrayal, a taste that lingers, staining the palate of trust. ", Bitterness ,bitterness betrayal taste lingers staining palate trust,Neutral
"In the ruins of hope, echoes of shattered dreams whisper tales of loss. ", Desolation ,ruins hope echoes shattered dreams whisper tales loss,Negative
"Sinking like a stone in the ocean of heartbreak, each ripple a sigh of despair. ", Heartbreak ,sinking like stone ocean heartbreak ripple sigh despair,Neutral
"Tears, the ink staining the pages of a journal, a testament to silent grief. ", Grief ,tears ink staining pages journal testament silent grief,Negative
"In the wasteland of lost trust, the echoes of broken promises reverberate. ", Betrayal ,wasteland lost trust echoes broken promises reverberate,Negative
"Avoiding the shards of shattered dreams, walking the tightrope of resilience. ", Resilience ,avoiding shards shattered dreams walking tightrope resilience,Neutral
"Suffocating in the silence of solitude, where echoes of laughter once thrived. ", Isolation ,suffocating silence solitude echoes laughter thrived,Negative
"Haunted by the specter of lost possibilities, a ghost that refuses to fade away. ", Regret ,haunted specter lost possibilities ghost refuses fade away,Neutral
"In the labyrinth of despair, the echoes of a broken heart reverberate endlessly. ", Despair ,labyrinth despair echoes broken heart reverberate endlessly,Negative
"Sinking like autumn leaves in the river of sorrow, carried away by the current. ", Sorrow ,sinking like autumn leaves river sorrow carried away current,Neutral
"In the garden of broken dreams, petals fall, a silent testimony to shattered hopes. ", Desolation ,garden broken dreams petals fall silent testimony shattered hopes,Negative
"Tears, the currency of grief, spent in the marketplace of lost love and longing. ", Grief ,tears currency grief spent marketplace lost love longing,Negative
"Wandering in the maze of betrayal, the walls closing in with every wrong turn. ", Betrayal ,wandering maze betrayal walls closing every wrong turn,Negative
"A soul weathered by the storm of heartbreak, seeking refuge in the calm after. ", Heartbreak ,soul weathered storm heartbreak seeking refuge calm,Positive
"In the tapestry of despair, threads of hope unravel, leaving a portrait of sorrow. ", Despair ,tapestry despair threads hope unravel leaving portrait sorrow,Neutral
"Like a withered rose in the garden of love, petals fall, a silent surrender to time. ", Loss ,like withered rose garden love petals fall silent surrender time,Positive
"In the void of heartache, echoes of a love song play, each note a pang of longing. ", Heartache ,void heartache echoes love song play note pang longing,Positive
"Nostalgia, a bittersweet dance in the moonlit ballroom of cherished memories. ", Nostalgia ,nostalgia bittersweet dance moonlit ballroom cherished memories,Neutral
"In the symphony of grief, each tear is a note, composing a melancholic melody. ", Grief ,symphony grief tear note composing melancholic melody,Negative
"Betrayal, a venomous serpent slithering through the garden of trust, poisoning roots. ", Betrayal ,betrayal venomous serpent slithering garden trust poisoning roots,Neutral
"Sinking in the quicksand of despair, the harder you fight, the deeper you descend. ", Despair ,sinking quicksand despair harder fight deeper descend,Negative
"Wandering through the cemetery of lost dreams, tombstones marking untold sorrows. ", Desolation ,wandering cemetery lost dreams tombstones marking untold sorrows,Neutral
"Swept away by the river of regret, the currents of the past refusing to release. ", Regret ,swept away river regret currents past refusing release,Negative
"Whispers of lost love linger in the attic of the heart, forgotten but not erased. ", Loss ,whispers lost love linger attic heart forgotten erased,Positive
"In the gallery of broken promises, each shattered vow framed, a painful exhibition. ", Betrayal ,gallery broken promises shattered vow framed painful exhibition,Negative
"The echoes of solitude, a silent conversation between a soul and its shadows. ", Solitude ,echoes solitude silent conversation soul shadows,Neutral
"Dancing on sunshine, each step a celebration of the joy found in simple moments. ", Joy ,dancing sunshine step celebration joy found simple moments,Positive
"Laughter echoes in the air, a chorus of happiness that lifts the spirit higher. ", Happiness ,laughter echoes air chorus happiness lifts spirit higher,Positive
"In the garden of contentment, each bloom whispers tales of inner peace and joy. ", Contentment ,garden contentment bloom whispers tales inner peace joy,Positive
"Chasing dreams under the vibrant sky, a journey fueled by hope and enthusiasm. ", Enthusiasm ,chasing dreams vibrant sky journey fueled hope enthusiasm,Positive
"Serenading the stars with a heart full of gratitude, a melody of thankfulness. ", Gratitude ,serenading stars heart full gratitude melody thankfulness,Positive
"Basking in the glow of accomplishment, each milestone a stepping stone to happiness. ", Accomplishment ,basking glow accomplishment milestone stepping stone happiness,Positive
"In the dance of positivity, every step is a rhythm, uplifting the soul in harmony. ", Positivity ,dance positivity every step rhythm uplifting soul harmony,Neutral
"Overflowing with joy, a cup of laughter shared with friends, a moment cherished. ", Joy ,overflowing joy cup laughter shared friends moment cherished,Positive
"Draped in the warmth of kindness, a quilt of compassion stitched with love. ", Kindness ,draped warmth kindness quilt compassion stitched love,Positive
"In the garden of friendships, each bloom a testament to the beauty of camaraderie. ", Friendship ,garden friendships bloom testament beauty camaraderie,Neutral
"In the embrace of love, each heartbeat is a melody, dancing to the rhythm of affection. ", Love ,embrace love heartbeat melody dancing rhythm affection,Positive
"Surrounded by the colors of joy, a canvas painted with laughter and endless smiles. ", Joy ,surrounded colors joy canvas painted laughter endless smiles,Positive
"In the symphony of excitement, each note is a burst of energy, igniting the soul with fervor. ", Excitement ,symphony excitement note burst energy igniting soul fervor,Neutral
"A surprise gift, wrapped in anticipation, unfolds a moment of delight and wonder. ", Surprise ,surprise gift wrapped anticipation unfolds moment delight wonder,Neutral
"Lost in the maze of curiosity, each twist and turn unveils the treasures of discovery. ", Curiosity ,lost maze curiosity twist turn unveils treasures discovery,Neutral
"Floating on clouds of gratitude, each raindrop a blessing, a shower of thankfulness. ", Gratitude ,floating clouds gratitude raindrop blessing shower thankfulness,Neutral
"Like a comet of inspiration, streaking through the sky of creativity, leaving trails of brilliance. ", Inspiration ,like comet inspiration streaking sky creativity leaving trails brilliance,Neutral
"In the celebration of success, fireworks of accomplishment light up the night sky of triumph. ", Success ,celebration success fireworks accomplishment light night sky triumph,Positive
"A symphony of laughter, each note a key to unlocking the door of boundless happiness. ", Happiness ,symphony laughter note key unlocking door boundless happiness,Positive
"In the carnival of emotions, the rollercoaster of thrill sends the heart on a wild ride. ", Thrill ,carnival emotions rollercoaster thrill sends heart wild ride,Positive
"Standing before the grandeur of the Eiffel Tower, a moment to reflect on the beauty of Parisian dreams. ", Reflection ,standing grandeur eiffel tower moment reflect beauty parisian dreams,Neutral
"Lost in the enchantment of Disneyland, each ride a journey into the realm of childhood fantasies. ", Enchantment ,lost enchantment disneyland ride journey realm childhood fantasies,Neutral
"Exploring the wonders of Ferrari World, the roar of engines creating a symphony of speed. ", Excitement ,exploring wonders ferrari world roar engines creating symphony speed,Neutral
"Amidst the tulip fields of Keukenhof, a tapestry of colors that paints the soul with springtime joy. ", Joy ,amidst tulip fields keukenhof tapestry colors paints soul springtime joy,Positive
"Wandering through the historical streets of Kyoto, each step a journey into the heart of Japan's traditions. ", Exploration ,wandering historical streets kyoto step journey heart japan traditions,Neutral
"In the embrace of the Grand Canyon, nature's masterpiece, a moment to marvel at Earth's grandeur. ", Awe ,embrace grand canyon nature masterpiece moment marvel earth grandeur,Positive
"Journeying through the serenity of Santorini, where each sunset paints the sky with hues of tranquility. ", Serenity ,journeying serenity santorini sunset paints sky hues tranquility,Neutral
"Amazed by the architectural marvels of Petra, each stone telling tales of an ancient civilization. ", Amazement ,amazed architectural marvels petra stone telling tales ancient civilization,Neutral
"Embarking on a gondola ride in Venice, each canal reflecting the romance of this timeless city. ", Romance ,embarking gondola ride venice canal reflecting romance timeless city,Neutral
"At the summit of Machu Picchu, a breathtaking panorama that whispers the secrets of ancient civilizations. ", Awe ,summit machu picchu breathtaking panorama whispers secrets ancient civilizations,Positive
"In the heart of New York City, Times Square dazzles with lights, a vibrant spectacle of urban energy. ", Excitement ,heart new york city times square dazzles lights vibrant spectacle urban energy,Positive
"Captivated by the historical charm of the Colosseum, each stone echoing tales of gladiator valor. ", Captivation ,captivated historical charm colosseum stone echoing tales gladiator valor,Neutral
"Sailing the azure waters of the Maldives, each wave a whisper of serenity in paradise. ", Serenity ,sailing azure waters maldives wave whisper serenity paradise,Neutral
"In the midst of the Amazon rainforest, a symphony of wildlife creates an orchestra of nature's wonders. ", Wonder ,midst amazon rainforest symphony wildlife creates orchestra nature wonders,Neutral
"Walking the Great Wall of China, each step a testament to ancient engineering marvels. ", Awe ,walking great wall china step testament ancient engineering marvels,Positive
"At the summit of Mount Fuji, a breathtaking sunrise that paints the sky with hues of accomplishment. ", Accomplishment ,summit mount fuji breathtaking sunrise paints sky hues accomplishment,Positive
"Exploring the ancient ruins of Angkor Wat, each stone whispering stories of Khmer civilization. ", Exploration ,exploring ancient ruins angkor wat stone whispering stories khmer civilization,Negative
"Skiing down the slopes of the Swiss Alps, each turn a dance with the majesty of snow-capped peaks. ", Adventure ,skiing slopes swiss alps turn dance majesty peaks,Neutral
"In the tranquility of Kyoto's bamboo forest, whispers of ancient Zen wisdom echo through the groves. ", Tranquility ,tranquility kyoto bamboo forest whispers ancient zen wisdom echo groves,Neutral
"Cruising the fjords of Norway, each icy landscape a breathtaking masterpiece of nature's grandeur. ", Grandeur ,cruising fjords norway icy landscape breathtaking masterpiece nature grandeur,Positive
"At the front row of Adele's concert, each note of 'Someone Like You' resonates with soul-stirring emotion. ", Emotion ,front row adele concert note like resonates emotion,Neutral
"Dancing under the stars at Beyoncé's live show, feeling the power of 'Single Ladies' in every move. ", Energy ,dancing stars beyoncé live show feeling power ladies every move,Positive
"In the crowd of a Taylor Swift concert, the lyrics of 'Love Story' create an enchanting fairy tale. ", Enchantment ,crowd taylor swift concert lyrics story create enchanting fairy tale,Neutral
"Rocking out to the guitar solos at a Queen tribute concert, a journey back in time with Freddie's spirit. ", Nostalgia ,rocking guitar solos queen tribute concert journey back time freddie spirit,Neutral
"Swaying to Ed Sheeran's acoustic melodies, a serene evening filled with 'Perfect' moments. ", Serenity ,swaying ed sheeran acoustic melodies serene evening filled moments,Positive
"Immersed in the pulsating beats of a Bruno Mars concert, where 'Uptown Funk' becomes a city of joy. ", Joy ,immersed pulsating beats bruno mars concert funk becomes city joy,Positive
"At a Michael Jackson tribute show, moonwalking through the hits, a celebration of the King of Pop. ", Celebration ,michael jackson tribute show moonwalking hits celebration king pop,Neutral
"Swinging to the rhythms of a Frank Sinatra tribute, feeling the timeless charm of 'Fly Me to the Moon'. ", Charm ,swinging rhythms frank sinatra tribute feeling timeless charm moon,Neutral
"In the mosh pit of a Metallica concert, the thunderous chords create a symphony of headbanging ecstasy. ", Ecstasy ,mosh pit metallica concert thunderous chords create symphony headbanging ecstasy,Neutral
"Experiencing the magic of a Coldplay concert, where 'Fix You' becomes a beacon of hope in the night. ", Hope ,experiencing magic coldplay concert becomes beacon hope night,Positive
"At a Justin Bieber concert, the infectious beats of 'Baby' create a dance floor of unbridled enthusiasm. ", Enthusiasm ,justin bieber concert infectious beats create dance floor unbridled enthusiasm,Neutral
"In the spotlight at a Lady Gaga show, each costume change is a metamorphosis of creativity and artistry. ", Creativity ,spotlight lady gaga show costume change metamorphosis creativity artistry,Neutral
"Immersed in the soulful melodies of Adele, tears flow freely, moved by the emotion of 'Hello'. ", Emotion ,immersed soulful melodies adele tears flow freely moved emotion,Positive
"Drenched in confetti at a Katy Perry concert, a kaleidoscope of colors igniting the night sky. ", Colorful ,drenched confetti katy perry concert kaleidoscope colors igniting night sky,Neutral
"In the audience of a Jay-Z performance, the lyrics of 'Empire State of Mind' become an anthem of pride. ", Pride ,audience performance lyrics state mind become anthem pride,Neutral
"Dancing to Shakira's rhythmic beats, hips swaying to the hypnotic charm of 'Hips Don't Lie'. ", Hypnotic ,dancing shakira rhythmic beats hips swaying hypnotic charm lie,Neutral
"At a U2 concert, the anthemic chords of 'With or Without You' create a timeless moment of connection. ", Connection ,concert anthemic chords without create timeless moment connection,Neutral
"Rocking out at a Guns N' Roses show, the iconic riffs of 'Sweet Child o' Mine' echoing in the night. ", Iconic ,rocking guns n roses show iconic riffs child mine echoing night,Positive
"In the crowd of an Ariana Grande concert, the high notes of 'Into You' create a euphoric symphony. ", Euphoria ,crowd ariana grande concert high notes create euphoric symphony,Positive
"Swaying to the reggae vibes of Bob Marley's tribute concert, each chord a journey to Jamaica's soul. ", Journey ,swaying reggae vibes bob marley tribute concert chord journey jamaica soul,Neutral
"Captivated by the spellbinding plot twists, the audience applauds, experiencing a rollercoaster of emotions at the movie premiere. ", Excitement ,captivated spellbinding plot twists audience applauds experiencing rollercoaster emotions movie premiere,Neutral
"As the credits roll, a profound sense of nostalgia washes over, reminiscent of cherished moments in classic films. ", Nostalgia ,credits roll profound sense nostalgia washes reminiscent cherished moments classic films,Positive
"Streaming the latest web series, the viewer is engrossed in the characters' journey, feeling a sense of connection and empathy. ", Engagement ,streaming latest web series viewer engrossed characters journey feeling sense connection empathy,Positive
"At the film festival, the indie filmmaker's creation receives a standing ovation, evoking pride and a sense of accomplishment. ", Pride ,film festival indie filmmaker creation receives standing ovation evoking pride sense accomplishment,Neutral
"Watching a heartwarming family drama, tears flow freely as the characters overcome challenges, leaving the viewer with a warm glow. ", Touched ,watching heartwarming family drama tears flow freely characters overcome challenges leaving viewer warm glow,Positive
"At the Oscars, the actor graciously accepts an award, radiating joy and gratitude for the recognition of their outstanding performance. ", Gratitude ,oscars actor graciously accepts award radiating joy gratitude recognition outstanding performance,Positive
"Discovering a hidden gem in the world of documentaries, the viewer is enlightened and inspired, feeling a renewed sense of curiosity. ", Inspiration ,discovering hidden gem world documentaries viewer enlightened inspired feeling renewed sense curiosity,Negative
"As the movie credits roll, the viewer experiences a mix of awe and contemplation, pondering the deeper meanings woven into the storyline. ", Contemplation ,movie credits roll viewer experiences mix awe contemplation pondering deeper meanings woven storyline,Neutral
"Binge-watching a thrilling crime series, the suspense keeps the viewer on the edge of their seat, creating a rush of adrenaline. ", Suspense ,thrilling crime series suspense keeps viewer edge seat creating rush adrenaline,Positive
"As the closing scene unfolds, a sense of satisfaction washes over, completing the cinematic journey with a profound and fulfilling ending. ", Satisfaction ,closing scene unfolds sense satisfaction washes completing cinematic journey profound fulfilling ending,Positive
"Celebrating a historic victory in the World Cup, the nation erupts in joy, united by the triumph of their football team. ", Joy ,celebrating historic victory world cup nation erupts joy united triumph football team,Positive
"At the Olympics, the athlete's perseverance shines through, earning a gold medal and inspiring a generation with their remarkable achievement. ", Inspiration ,olympics athlete perseverance shines earning gold medal inspiring generation remarkable achievement,Positive
"In the cricket championship, a nail-biting finish leaves fans on the edge of their seats, experiencing a rollercoaster of emotions. ", Excitement ,cricket championship finish leaves fans edge seats experiencing rollercoaster emotions,Neutral
"Witnessing a record-breaking marathon, spectators are filled with awe and admiration for the endurance and dedication of the runners. ", Admiration ,witnessing marathon spectators filled awe admiration endurance dedication runners,Positive
"In the tennis grand slam, a fierce rivalry unfolds, captivating fans with a display of skill and sportsmanship on the world stage. ", Captivation ,tennis grand slam fierce rivalry unfolds captivating fans display skill sportsmanship world stage,Positive
"Cheering for the underdog in the basketball finals, the crowd erupts in applause as the team defies odds to claim the championship title. ", Triumph ,cheering underdog basketball finals crowd erupts applause team defies odds claim championship title,Neutral
"At the golf tournament, the golfer's precision and focus lead to a stunning victory, leaving spectators in awe of their exceptional skill. ", Awe ,golf tournament golfer precision focus lead stunning victory leaving spectators awe exceptional skill,Positive
"Experiencing the thrill of a high-speed Formula 1 race, fans are on the edge of their seats as drivers compete for the championship. ", Thrill ,experiencing thrill formula race fans edge seats drivers compete championship,Neutral
"In the cycling world championship, the climber conquers challenging terrains, symbolizing determination and achievement against all odds. ", Determination ,cycling world championship climber conquers challenging terrains symbolizing determination achievement odds,Positive
"Witnessing a heartwarming comeback in the hockey finals, fans share tears of joy as the team secures a historic victory after adversity. ", Heartwarming ,witnessing heartwarming comeback hockey finals fans share tears joy team secures historic victory adversity,Positive
"After a series of defeats, the soccer team faces disappointment, struggling to find the silver lining in a challenging season. ", Disappointment ,series defeats soccer team faces disappointment struggling find silver lining challenging season,Negative
"In the tennis tournament, a highly anticipated player experiences a setback, leaving fans in shock and questioning the unforeseen turn of events. ", Frustration ,tennis tournament highly anticipated player experiences setback leaving fans shock questioning unforeseen turn events,Positive
"Facing a defeat in the championship, the boxer reflects on the challenges, vowing to return stronger and more determined in the next bout. ", Reflection ,facing defeat championship boxer reflects challenges vowing return stronger determined next bout,Neutral
"In the midst of a cycling race, a tire blowout leads to frustration for the cyclist, who valiantly tries to overcome the unexpected obstacle. ", Obstacle ,midst cycling race tire blowout leads frustration cyclist valiantly tries overcome unexpected obstacle,Neutral
"The gymnast's unexpected fall during a routine sparks a wave of sympathy from the audience, highlighting the vulnerability of sports. ", Sympathy ,gymnast unexpected fall routine sparks wave sympathy audience highlighting vulnerability sports,Positive
"In the golf tournament, a missed crucial putt results in defeat, causing the golfer to reflect on the pressure of high-stakes competition. ", Pressure ,golf tournament missed crucial putt results defeat causing golfer reflect pressure competition,Neutral
"Experiencing a series of losses in the basketball season, the team grapples with frustration, determined to turn the tide with renewed effort. ", Renewed Effort ,experiencing series losses basketball season team grapples frustration determined turn tide renewed effort,Neutral
"Despite meticulous training, the swimmer faces disappointment as a split-second miscalculation costs them the lead in a crucial race. ", Miscalculation ,despite meticulous training swimmer faces disappointment miscalculation costs lead crucial race,Negative
"The weightlifter's failed attempt at a personal record results in frustration, highlighting the challenging nature of pushing physical limits. ", Challenge ,weightlifter failed attempt personal record results frustration highlighting challenging nature pushing physical limits,Neutral
"In the midst of a soccer match, an unexpected own goal creates a moment of despair for the player, as teammates console and encourage them. ", Despair ,midst soccer match unexpected goal creates moment despair player teammates console encourage,Positive
"In the serene beauty of a sunset, nature unfolds a canvas of colors, evoking a sense of tranquility and wonder. ", Tranquility ,serene beauty sunset nature unfolds canvas colors evoking sense tranquility wonder,Neutral
"Embarking on a spontaneous road trip, the traveler discovers hidden gems, creating memories that will be cherished for a lifetime. ", Adventure ,embarking spontaneous road trip traveler discovers hidden gems creating memories cherished lifetime,Positive
"Amidst the bustling city, a quiet café becomes a sanctuary for reflection, where a cup of coffee brings solace to the wandering mind. ", Solace ,amidst bustling city quiet café becomes sanctuary reflection cup coffee brings solace wandering mind,Neutral
"Exploring the vibrant street art of a cultural neighborhood, each mural tells a story, infusing the city with creativity and expression. ", Creativity ,exploring vibrant street art cultural neighborhood mural tells story infusing city creativity expression,Positive
"In the world of science, a breakthrough discovery unfolds, pushing the boundaries of knowledge and opening new frontiers of exploration. ", Breakthrough ,world science breakthrough discovery unfolds pushing boundaries knowledge opening new frontiers exploration,Positive
"Connecting with the melody of a live orchestra, the music enthusiast experiences a symphony that resonates deep within the soul. ", Harmony ,connecting melody live orchestra music enthusiast experiences symphony resonates deep within soul,Positive
"Embracing the aroma of freshly baked bread, the home chef finds joy in the art of baking, creating delicious memories for loved ones. ", Joy in Baking ,embracing aroma freshly baked bread home chef finds joy art baking creating delicious memories loved ones,Positive
"Wandering through a historical museum, the history enthusiast becomes immersed in the tales of the past, envisioning bygone eras. ", Envisioning History ,wandering historical museum history enthusiast becomes immersed tales past envisioning bygone eras,Negative
"In the realm of literature, a captivating novel transports the reader to distant lands, weaving a tapestry of imagination and escape. ", Imagination ,realm literature captivating novel transports reader distant lands weaving tapestry imagination escape,Positive
"Capturing the essence of a bustling market, the photographer freezes moments in time, each frame telling a unique and vibrant story. ", Vibrancy ,capturing essence bustling market photographer freezes moments time frame telling unique vibrant story,Positive
"Underneath the city lights, the dancer expresses emotions through graceful movements, creating a mesmerizing performance under the night sky. ", Mesmerizing ,underneath city lights dancer expresses emotions graceful movements creating mesmerizing performance night sky,Positive
"In the heart of a bustling market, the street food connoisseur indulges in a culinary adventure, savoring diverse flavors and aromas. ", Culinary Adventure ,heart bustling market street food connoisseur indulges culinary adventure savoring diverse flavors aromas,Neutral
"As the first snowflake descends, the winter enthusiast eagerly prepares for a season of frosty delights, anticipating the magic of snow-covered landscapes. ", Winter Magic ,first snowflake descends winter enthusiast eagerly prepares season frosty delights anticipating magic landscapes,Positive
"Amidst the pages of a captivating mystery novel, the reader unravels clues and secrets, experiencing a thrilling journey of suspense and revelation. ", Thrilling Journey ,amidst pages captivating mystery novel reader unravels clues secrets experiencing thrilling journey suspense revelation,Positive
"Surrounded by the vibrant colors of a flower garden, the gardener nurtures blossoms, finding joy in the beauty of nature's ever-changing canvas. ", Nature's Beauty ,surrounded vibrant colors flower garden gardener nurtures blossoms finding joy beauty nature canvas,Positive
"At the astronomy observatory, the stargazer marvels at the vastness of the cosmos, contemplating the mysteries hidden within the celestial expanse. ", Celestial Wonder ,astronomy observatory stargazer marvels vastness cosmos contemplating mysteries hidden within celestial expanse,Negative
"Engulfed in the aroma of freshly brewed coffee, the writer finds inspiration in every sip, embarking on a journey of creativity and prose. ", Creative Inspiration ,engulfed aroma freshly brewed coffee writer finds inspiration every sip embarking journey creativity prose,Positive
"In the realm of fashion, the designer unveils a collection that tells a story, blending innovation and tradition on the runway of creativity. ", Runway Creativity ,realm fashion designer unveils collection tells story blending innovation tradition runway creativity,Neutral
"As the waves crash against the shore, the surfer embraces the thrill of riding the ocean's energy, capturing the essence of freedom in each wave. ", Ocean's Freedom ,waves crash shore surfer embraces thrill riding ocean energy capturing essence freedom wave,Neutral
"Exploring the historical architecture of an ancient city, the traveler is transported to a bygone era, where each monument whispers tales of the past. ", Whispers of the Past ,exploring historical architecture ancient city traveler transported bygone era monument whispers tales past,Negative
Successfully avoided eye contact with my crush in the hallway. Mission accomplished. #TeenCrush #StealthMode , Excitement ,successfully avoided eye contact crush hallway mission accomplished teencrush stealthmode,Positive
Ran out of snacks during a movie marathon. Crisis level: Emergency! #MovieNightStruggles #TeenProblems , Boredom ,ran snacks movie marathon crisis level emergency movienightstruggles teenproblems,Neutral
Spent an hour choosing the perfect filter for a selfie. The struggle for that Instagram aesthetic is real. #SelfieQueen #TeenVibes , Joy ,spent hour choosing perfect filter selfie struggle instagram aesthetic real selfiequeen teenvibes,Positive
Lost my headphones again. How do they vanish into thin air? #HeadphoneMystery #TeenLife , Frustration ,lost headphones vanish thin air headphonemystery teenlife,Negative
Decided to study for exams but ended up making memes about studying instead. Procrastination level: Expert. #ProcrastinationNation #TeenConfessions , Surprise ,decided study exams ended making memes studying instead procrastination level expert procrastinationnation teenconfessions,Neutral
"Got dressed for the day, then remembered it's Saturday. Oops. #WeekendVibes #TeenStruggles ", Indifference ,got dressed day remembered saturday oops weekendvibes teenstruggles,Neutral
Survived a group project without any drama. Miracles do happen. #GroupProjectSuccess #TeenAchievements , Satisfaction ,survived group project without drama miracles happen groupprojectsuccess teenachievements,Neutral
"Entered the kitchen with the intention to cook. Left with a bag of chips. Cooking is overrated, anyway. #MasterChefInTraining #TeenHumor ", Disgust ,entered kitchen intention cook left bag chips cooking overrated anyway masterchefintraining teenhumor,Neutral
"Staring at the clock in class, waiting for the bell to ring like it's the most exciting event of the day. #ClassCountdown #TeenLife ", Surprise ,staring clock class waiting bell ring like exciting event day classcountdown teenlife,Positive
"Discovered a new book series and spent the whole night reading. Who needs sleep, anyway? #BookwormLife #LateNightReading ", Joy ,discovered new book series spent whole night reading needs sleep anyway bookwormlife latenightreading,Positive
"Bought a new video game, played for hours, forgot to eat. The ultimate gaming session. #GamerLife #NoFoodGaming ", Excitement ,bought new video game played hours forgot eat ultimate gaming session gamerlife nofoodgaming,Negative
Spent the day binge-watching a new series. Productivity level: Zero. #LazyDay #TVSeriesMarathon , Joy ,spent day new series productivity level zero lazyday tvseriesmarathon,Positive
Caught up on the latest fashion trends and now planning a shopping spree. #Fashionista #TrendyTeen , Excitement ,caught latest fashion trends planning shopping spree fashionista trendyteen,Positive
Decided to learn a new instrument. Day one: Still trying to figure out how to hold it. #MusicNovice #LearningJourney , Frustration ,decided learn new instrument day one still trying figure hold musicnovice learningjourney,Positive
Spent hours creating the perfect playlist for every mood. Music is my therapy. #PlaylistMaker #TeenMusicLover , Joy ,spent hours creating perfect playlist every mood music therapy playlistmaker teenmusiclover,Positive
Successfully cooked a gourmet meal for the family. Chef skills unlocked! #ChefMode #TeenChef , Pride ,successfully cooked gourmet meal family chef skills unlocked chefmode teenchef,Positive
Spontaneously booked a weekend getaway. Adventure awaits! #TravelBug #WeekendEscape , Excitement ,spontaneously booked weekend getaway adventure awaits travelbug weekendescape,Positive
Attended a concert and danced the night away. Music is the heartbeat of life. #ConcertVibes #DanceAllNight , Joy ,attended concert danced night away music heartbeat life concertvibes danceallnight,Neutral
Rediscovered childhood cartoons and had a nostalgia-filled marathon. #CartoonNostalgia #TeenMemories , Joy ,rediscovered childhood cartoons marathon cartoonnostalgia teenmemories,Neutral
Embarked on a DIY home decor project. Let's hope it turns out better than last time. #DIYAdventure #TeenHomeDecor , Excitement ,embarked diy home decor project let hope turns better last time diyadventure teenhomedecor,Positive
"Spent the afternoon at a museum, pretending to be cultured. Art enthusiast in the making. #MuseumDay #TeenArtLover ", Curiosity ,spent afternoon museum pretending cultured art enthusiast making museumday teenartlover,Negative
Started a blog about random thoughts and musings. Blogging is the new diary. #BloggerLife #TeenBlogger , Curiosity ,started blog random thoughts musings blogging new diary bloggerlife teenblogger,Negative
Relishing a peaceful afternoon with a classic novel. Quiet moments are the best moments. #BookLover #PeacefulAfternoon , Contentment ,relishing peaceful afternoon classic novel quiet moments best moments booklover peacefulafternoon,Positive
"Reflecting on a lifetime of memories, each wrinkle tells a story. Embracing the beauty of aging. #LifeReflections #BeautyInAging ", Gratitude ,reflecting lifetime memories wrinkle tells story embracing beauty aging lifereflections beautyinaging,Neutral
Exploring the world of digital art. It's never too late to discover new passions. #DigitalArtistry #LateBloomer , Curiosity ,exploring world digital art never late discover new passions digitalartistry latebloomer,Positive
Savoring the flavors of a home-cooked meal. Simple joys are the heart of happiness. #HomeCooking #SimpleJoys , Contentment ,savoring flavors meal simple joys heart happiness homecooking simplejoys,Positive
Embarking on a journey of learning a new language. The mind stays young with every new word. #LanguageLearning #NeverTooLate , Curiosity ,embarking journey learning new language mind stays young every new word languagelearning nevertoolate,Positive
"Attended a classical music concert, feeling the timeless melodies resonate. Music transcends generations. #ClassicalMusic #TimelessMelodies ", Joy ,attended classical music concert feeling timeless melodies resonate music transcends generations classicalmusic timelessmelodies,Neutral
Capturing the beauty of nature through photography. Every snapshot is a treasure. #NaturePhotography #SeniorPhotographer , Joy ,capturing beauty nature photography every snapshot treasure naturephotography seniorphotographer,Neutral
"Reconnecting with old friends over a cup of tea. Friendship, the true essence of companionship. #OldFriends #Companionship ", Contentment ,reconnecting old friends cup tea friendship true essence companionship oldfriends companionship,Positive
"Embarked on a road trip to revisit cherished places from the past. Nostalgia, the ultimate travel companion. #RoadTrip #NostalgiaTour ", Joy ,embarked road trip revisit cherished places past nostalgia ultimate travel companion roadtrip nostalgiatour,Negative
"Joined a community choir, harmonizing with fellow voices. Music creates bonds that withstand time. #CommunityChoir #HarmonyInAging ", Joy ,joined community choir harmonizing fellow voices music creates bonds withstand time communitychoir harmonyinaging,Neutral
"Exploring the art of meditation, finding tranquility in the stillness of the mind. #MeditationJourney #TranquilMind ", Contentment ,exploring art meditation finding tranquility stillness mind meditationjourney tranquilmind,Neutral
"Taking a stroll in the garden, appreciating the beauty of blooming flowers. Nature's wonders never cease. #GardenWalk #FloralBeauty ", Contentment ,taking stroll garden appreciating beauty blooming flowers nature wonders never cease gardenwalk floralbeauty,Neutral
"Sipping on a favorite vintage wine, each sip telling a story of the years gone by. Cheers to a life well-lived. #WineLover #VintageCheers ", Contentment ,sipping favorite vintage wine sip telling story years gone cheers life winelover vintagecheers,Positive
"Participated in a community art class, unleashing creativity in the golden years. Art has no age limit. #ArtClass #SeniorArtistry ", Joy ,participated community art class unleashing creativity golden years art age limit artclass seniorartistry,Positive
"Embarking on a journey of writing a memoir, documenting a lifetime of experiences. Every story matters. #MemoirWriting #SeniorStories ", Gratitude ,embarking journey writing memoir documenting lifetime experiences every story matters memoirwriting seniorstories,Neutral
"Attended a lecture on history, always fascinated by the lessons from the past. Learning is a lifelong adventure. #HistoryLecture #SeniorLearning ", Curiosity ,attended lecture history always fascinated lessons past learning lifelong adventure historylecture seniorlearning,Negative
"Rediscovered the joy of cooking traditional family recipes. The kitchen, a place of cherished memories. #FamilyRecipes #SeniorCooking ", Contentment ,rediscovered joy cooking traditional family recipes kitchen place cherished memories familyrecipes seniorcooking,Positive
"Joined a nature photography club, capturing the beauty of the great outdoors. Every click is a connection to nature. #NaturePhotography #SeniorPhotographer ", Joy ,joined nature photography club capturing beauty great outdoors every click connection nature naturephotography seniorphotographer,Positive
"Attended a jazz concert and swayed to the rhythm of timeless tunes. Music, a constant companion in the golden years. #JazzConcert #SeniorMusic ", Joy ,attended jazz concert swayed rhythm timeless tunes music constant companion golden years jazzconcert seniormusic,Positive
"Joined a writing group, penning down thoughts and reflections. Writing, a journey into the depths of the soul. #WritingGroup #SeniorWriter ", Gratitude ,joined writing group penning thoughts reflections writing journey depths soul writinggroup seniorwriter,Neutral
"Embarked on a solo travel adventure, discovering the beauty of new places at my own pace. #SoloTravel #SeniorExplorer ", Excitement ,embarked solo travel adventure discovering beauty new places pace solotravel seniorexplorer,Positive
"Attended a vintage car show, reminiscing about the classics that once ruled the roads. Nostalgia in every rev. #VintageCars #ClassicRides ", Joy ,attended vintage car show reminiscing classics ruled roads nostalgia every rev vintagecars classicrides,Neutral
"Started a community garden, growing not just plants but friendships too. Green thumbs unite! #CommunityGarden #SeniorGardener ", Joy ,started community garden growing plants friendships green thumbs unite communitygarden seniorgardener,Negative
"Hosted a family dinner, where laughter echoed louder than the clinking of utensils. Family, the heart of happiness. #FamilyDinner #SeniorHost ", Contentment ,hosted family dinner laughter echoed louder clinking utensils family heart happiness familydinner seniorhost,Positive
"Enrolled in a dance class for seniors, moving to the rhythm of life. Age is just a number on the dance floor. #DanceClass #SeniorDancer ", Joy ,enrolled dance class seniors moving rhythm life age number dance floor danceclass seniordancer,Neutral
"Visited an art gallery, appreciating the brushstrokes that tell tales of creativity. Art, an eternal companion. #ArtGallery #SeniorArtLover ", Joy ,visited art gallery appreciating brushstrokes tell tales creativity art eternal companion artgallery seniorartlover,Neutral
"Started a book club for seniors, where discussions are as lively as the characters in the novels. #BookClub #SeniorReaders ", Joy ,started book club seniors discussions lively characters novels bookclub seniorreaders,Positive
"Hosted a picnic in the park, basking in the warmth of friendship and sunshine. Simple joys, timeless memories. #ParkPicnic #SeniorJoy ", Contentment ,hosted picnic park basking warmth friendship sunshine simple joys timeless memories parkpicnic seniorjoy,Neutral
"Participated in a local theater production, proving that the stage belongs to every age. #TheaterProduction #SeniorActor ", Joy ,participated local theater production proving stage belongs every age theaterproduction senioractor,Neutral
"Embarked on a hiking adventure, conquering trails and relishing the beauty of nature. Age is just a number on the mountaintop. #HikingAdventure #SeniorHiker ", Excitement ,embarked hiking adventure conquering trails relishing beauty nature age number mountaintop hikingadventure seniorhiker,Neutral
Hosted a photography exhibition featuring snapshots of a life well-lived. Every photo has a story to tell. #PhotographyExhibition #SeniorPhotographer , Gratitude ,hosted photography exhibition featuring snapshots life every photo story tell photographyexhibition seniorphotographer,Neutral
"Joined a seniors' cycling club, feeling the wind in my hair and the freedom of the open road. #CyclingClub #SeniorCyclist ", Excitement ,joined seniors cycling club feeling wind hair freedom open road cyclingclub seniorcyclist,Neutral
"Attended a wine tasting event, savoring the richness of flavors that age like fine wine. Cheers to the golden years! #WineTasting #SeniorWineLover ", Joy ,attended wine tasting event savoring richness flavors age like fine wine cheers golden years winetasting seniorwinelover,Positive
"Started learning ballroom dancing, gliding gracefully across the dance floor. Ageless elegance in every step. #BallroomDancing #SeniorDancer ", Joy ,started learning ballroom dancing gliding gracefully across dance floor ageless elegance every step ballroomdancing seniordancer,Neutral
"Organized a community painting event, turning blank canvases into a masterpiece of shared creativity. #PaintingEvent #SeniorArtist ", Joy ,organized community painting event turning blank canvases masterpiece shared creativity paintingevent seniorartist,Neutral
"Hosted a 'memory lane' evening with old friends, reminiscing about the adventures that shaped our lives. #MemoryLane #SeniorReminiscing ", Gratitude ,hosted lane evening old friends reminiscing adventures shaped lives memorylane seniorreminiscing,Positive
"Joined a seniors' astronomy club, stargazing and finding wonder in the vastness of the cosmos. #AstronomyClub #SeniorStargazer ", Curiosity ,joined seniors astronomy club stargazing finding wonder vastness cosmos astronomyclub seniorstargazer,Neutral
"Attended a local jazz festival, tapping toes to the tunes that have stood the test of time. Music, a lifelong love affair. #JazzFestival #SeniorMusicLover ", Joy ,attended local jazz festival tapping toes tunes stood test time music lifelong love affair jazzfestival seniormusiclover,Positive
"Started a blog sharing the wisdom gained through the years, proving that every day is a chance to learn and grow. #SeniorWisdom #Blog ", Gratitude ,started blog sharing wisdom gained years proving every day chance learn grow seniorwisdom blog,Neutral
"Participated in a charity run, proving that age is no barrier to supporting meaningful causes. #CharityRun #SeniorRunner ", Excitement ,participated charity run proving age barrier supporting meaningful causes charityrun seniorrunner,Positive
"Survived a challenging physics exam. Equations, you won't defeat me! ", Relief ,survived challenging physics exam equations wo defeat,Positive
Exploring the world of coding. Debugging is an adventure on its own! #CodingJourney #HighSchoolCoder , Excitement ,exploring world coding debugging adventure codingjourney highschoolcoder,Neutral
"Joined the school debate team. Words are my weapons, and I'm ready for battle! ", Excitement ,joined school debate team words weapons ready battle,Positive
"Started a photography club at school. Capturing moments, one snapshot at a time! ", Joy ,started photography club school capturing moments one snapshot time,Neutral
"Daydreaming about the upcoming prom. The dress, the dance – it's a fairytale in the making! ", Excitement ,daydreaming upcoming prom dress dance fairytale making,Neutral
Convinced the teacher to have class outdoors. Learning equations with a side of fresh air! , Positive ,convinced teacher class outdoors learning equations side fresh air,Positive
"Accidentally spilled paint in art class. Abstract art, right? #ArtClassAdventures #HighSchoolArtist ", Embarrassed ,accidentally spilled paint art class abstract art right artclassadventures highschoolartist,Positive
Trying to master the perfect kickflip on my skateboard. Skating into the weekend like a pro! , Excitement ,trying master perfect kickflip skateboard skating weekend like pro,Positive
Bonding with friends over the latest K-pop sensation. Fangirling at its finest! , Joy ,bonding friends latest sensation fangirling finest,Positive
Spent hours perfecting a chemistry experiment. Mixing potions like a wizard! , Joy ,spent hours perfecting chemistry experiment mixing potions like wizard,Negative
Successfully organized a surprise birthday party for a friend. Party planning expert mode: Achieved! , Joy ,successfully organized surprise birthday party friend party planning expert mode achieved,Positive
"Joined the drama club to unleash my inner actor. Lights, camera, action! ", Excitement ,joined drama club unleash inner actor lights camera action,Positive
Got my hands on the latest fantasy novel. Diving into realms of magic and adventure! , Excitement ,got hands latest fantasy novel diving realms magic adventure,Positive
Mastering the art of the perfect doodle during boring classes. Doodles: A+! , Joy ,mastering art perfect doodle boring classes doodles,Neutral
Attempting to break the school record for the longest handstand. Wish me luck! , Excitement ,attempting break school record longest handstand wish luck,Neutral
Sneaking snacks into class like a pro. The art of snack-smuggling is a sacred skill! , Mischievous ,sneaking snacks class like pro art sacred skill,Neutral
Hosting a sleepover with friends this weekend. Preparing for a night of laughter and memories! , Excitement ,hosting sleepover friends weekend preparing night laughter memories,Neutral
"Spent hours on a TikTok dance, only to realize I have two left feet. Dance fail: Unleashed! ", Embarrassed ,spent hours tiktok dance realize two left feet dance fail unleashed,Negative
Accidentally liked my crush's old photo while stalking their profile. Awkward level: Maximum! , Embarrassed ,accidentally liked crush old photo stalking profile awkward level maximum,Positive
Tried to impress my crush with a smooth conversation. Ended up spilling my drink. Smooth level: Nonexistent! , Embarrassed ,tried impress crush smooth conversation ended spilling drink smooth level nonexistent,Positive
Mastered the art of creating paper airplanes during lecture. Paper planes: Soaring to new heights! , Joy ,mastered art creating paper airplanes lecture paper planes soaring new heights,Positive
Trying to set a new trend by juggling textbooks between classes. Academic juggling: A unique skill! , Excitement ,trying set new trend juggling textbooks classes academic juggling unique skill,Positive
Hiding a snack stash in my backpack for emergency cravings. Snack ninja mode: Activated! , Mischievous ,hiding snack stash backpack emergency cravings snack ninja mode activated,Neutral
Planning a surprise scavenger hunt for friends. Anticipating the thrill and excitement! , Excitement ,planning surprise scavenger hunt friends anticipating thrill excitement,Neutral
Danced in the rain to celebrate the end of exams. Rain dance: Unexpectedly refreshing! , Joy ,danced rain celebrate end exams rain dance unexpectedly refreshing,Positive
Accidentally sent a text meant for a friend to the class group chat. Texting fail: Oops moment! , Embarrassed ,accidentally sent text meant friend class group chat texting fail oops moment,Negative
Tried a magic trick to impress classmates. Magic fail: Where did that rabbit go? , Embarrassed ,tried magic trick impress classmates magic fail rabbit go,Positive
Perfecting the art of creating origami during a dull lecture. Origami mastery: A+! , Joy ,perfecting art creating origami dull lecture origami mastery,Negative
Attempting to set a new record for the most consecutive hacky sack kicks. Hacky sack skills: Unleashed! , Excitement ,attempting set new record consecutive hacky sack kicks hacky sack skills unleashed,Positive
Creating a secret handshake with friends. Friendship level: Expert! , Joy ,creating secret handshake friends friendship level expert,Negative
Embarking on a mission to find the best burger joint in town. Burger connoisseur: Reporting for duty! , Excitement ,embarking mission find best burger joint town burger connoisseur reporting duty,Positive
Practicing a stand-up comedy routine for the upcoming talent show. Comedy gig: In the making! , Joy ,practicing comedy routine upcoming talent show comedy gig making,Neutral
Accidentally sent a love letter to the wrong person. Love note fail: Maximum embarrassment! , Embarrassed ,accidentally sent love letter wrong person love note fail maximum embarrassment,Neutral
Attempting to impress the teacher with an elaborate science experiment. Science geek mode: Activated! , Excitement ,attempting impress teacher elaborate science experiment science geek mode activated,Positive
Crafting intricate friendship bracelets for the whole squad. Friendship level: Expert weaver! , Joy ,crafting intricate friendship bracelets whole squad friendship level expert weaver,Positive
Attempting to beat the record for the most consecutive cartwheels. Cartwheel challenge: Underway! , Excitement ,attempting beat record consecutive cartwheels cartwheel challenge underway,Neutral
Organizing a movie marathon with friends. Popcorn and cinematic adventures await! , Joy ,organizing movie marathon friends popcorn cinematic adventures await,Neutral
Experimenting with a new hair color. A bold change for a bold semester! , Excitement ,experimenting new hair color bold change bold semester,Positive
Building a time capsule to capture memories for the future. Time-traveling emotions! , Joy ,building time capsule capture memories future emotions,Neutral
Accidentally walked into the wrong classroom on the first day. Classroom mix-up: Awkward start! , Embarrassed ,accidentally walked wrong classroom first day classroom awkward start,Negative
Trying out a new smoothie recipe for a healthy start to the week. Smoothie enthusiast: Level up! , Excitement ,trying new smoothie recipe healthy start week smoothie enthusiast level,Positive
Reflecting on the challenges of the school year. Feeling a bit overwhelmed with assignments. , Sad ,reflecting challenges school year feeling bit overwhelmed assignments,Neutral
Encountered some mean-spirited comments online. Dealing with online hate is never easy. , Hate ,encountered comments online dealing online hate never easy,Negative
Had a bad day at school. Everything seems to be going wrong. , Bad ,bad day school everything seems going wrong,Negative
Feeling down after not making the sports team. Disappointment lingers. , Sad ,feeling making sports team disappointment lingers,Negative
Witnessed a heated argument in the cafeteria. Unpleasant atmosphere at lunch. , Hate ,witnessed heated argument cafeteria unpleasant atmosphere lunch,Negative
Received a not-so-great grade on a major project. Academic frustration setting in. , Bad ,received grade major project academic frustration setting,Positive
Dealing with a personal setback. Sometimes life throws unexpected challenges. , Sad ,dealing personal setback sometimes life throws unexpected challenges,Positive
Feeling lonely on a Saturday night. Sometimes solitude hits harder than expected. , Sad ,feeling lonely saturday night sometimes solitude hits harder expected,Negative
Experiencing cyberbullying. Hateful messages online are disheartening. , Hate ,experiencing cyberbullying hateful messages online disheartening,Neutral
Caught in a torrential rainstorm without an umbrella. Today's weather is just bad luck. , Bad ,caught torrential rainstorm without umbrella today weather bad luck,Negative
Missing an important event due to unforeseen circumstances. A day filled with sadness. , Sad ,missing important event due unforeseen circumstances day filled sadness,Positive
Dealing with unfounded rumors circulating about personal life. Rumors can be hurtful. , Hate ,dealing unfounded rumors circulating personal life rumors hurtful,Neutral
Got a flat tire on the way to an important meeting. Talk about a series of bad events! , Bad ,got flat tire way important meeting talk series bad events,Negative
Feeling a sense of emptiness after a close friend moves away. Farewells are always sad. , Sad ,feeling sense emptiness close friend moves away farewells always sad,Negative
Facing rejection from a dream college. Disheartened but determined to explore other paths. , Sad ,facing rejection dream college disheartened determined explore paths,Neutral
Encountering online toxicity during a gaming session. Hateful comments can ruin the fun. , Hate ,encountering online toxicity gaming session hateful comments ruin fun,Positive
Having a bad hair day and feeling self-conscious. Bad hair days can affect confidence. , Bad ,bad hair day feeling bad hair days affect confidence,Negative
Feeling a sense of despair after a major project failure. Hard work didn't pay off this time. , Sad ,feeling sense despair major project failure hard work pay time,Negative
Experiencing hate comments for expressing personal opinions. Online negativity prevails. , Hate ,experiencing hate comments expressing personal opinions online negativity prevails,Negative
Having a string of bad luck with constant technology malfunctions. Tech troubles galore! , Bad ,string bad luck constant technology malfunctions tech troubles galore,Negative
Missing out on a long-anticipated event due to unexpected circumstances. A day filled with sadness. , Sad ,missing event due unexpected circumstances day filled sadness,Positive
Trying out a new study technique for upcoming exams. Exploring different learning strategies. , Neutral ,trying new study technique upcoming exams exploring different learning strategies,Positive
Organizing a community cleanup event for a cleaner neighborhood. Promoting environmental awareness. , Neutral ,organizing community cleanup event cleaner neighborhood promoting environmental awareness,Neutral
Sharing favorite book recommendations with classmates. Building a mini book club. , Neutral ,sharing favorite book recommendations classmates building mini book club,Positive
Experimenting with a new recipe for a school bake sale. Baking adventures in the kitchen. , Neutral ,experimenting new recipe school bake sale baking adventures kitchen,Positive
Collaborating on a school project with peers. Teamwork makes the dream work. , Neutral ,collaborating school project peers teamwork makes dream work,Neutral
Attending a school club meeting to explore new interests. Dabbling in extracurricular activities. , Neutral ,attending school club meeting explore new interests dabbling extracurricular activities,Positive
Exploring a new part-time job opportunity for gaining work experience. Career development in progress. , Neutral ,exploring new job opportunity gaining work experience career development progress,Positive
Attending a school assembly to stay informed about upcoming events and announcements. Staying connected with school activities. , Neutral ,attending school assembly stay informed upcoming events announcements staying connected school activities,Neutral
Exploring a new hobby of photography during free time. Capturing moments through a lens. , Neutral ,exploring new hobby photography free time capturing moments lens,Positive
Participating in a science fair to showcase a unique experiment. Sharing knowledge with peers. , Neutral ,participating science fair showcase unique experiment sharing knowledge peers,Positive
Attending a workshop on time management to enhance organizational skills. Striving for efficiency. , Neutral ,attending workshop time management enhance organizational skills striving efficiency,Neutral
Volunteering at a local charity event to give back to the community. Contributing to social causes. , Neutral ,volunteering local charity event give back community contributing social causes,Positive
Collaborating on a group project to promote teamwork and shared responsibilities. Group effort in action. , Neutral ,collaborating group project promote teamwork shared responsibilities group effort action,Positive
Participating in a debate club to enhance critical thinking and communication skills. Intellectual engagement in progress. , Neutral ,participating debate club enhance critical thinking communication skills intellectual engagement progress,Positive
Celebrating a friend's birthday with a surprise party. Joyful moments and laughter all around! , Happy ,celebrating friend birthday surprise party joyful moments laughter around,Neutral
Successfully completing a challenging coding project. Excitement for overcoming coding hurdles! , Happy ,successfully completing challenging coding project excitement overcoming coding hurdles,Positive
Attending a school talent show to support classmates. Applauding the diverse talents on display! , Happy ,attending school talent show support classmates applauding diverse talents display,Neutral
"Exploring a new hiking trail with friends over the weekend. Nature, laughter, and good vibes! ", Happy ,exploring new hiking trail friends weekend nature laughter good vibes,Positive
Winning a friendly sports competition against rival schools. Victory celebrations in full swing! , Happy ,winning friendly sports competition rival schools victory celebrations full swing,Positive
Receiving a heartfelt letter from a pen pal in another country. Connecting across the globe! , Happy ,receiving heartfelt letter pen pal another country connecting across globe,Neutral
Creating a beautiful mural with fellow art enthusiasts. The power of collaboration and creativity! , Happy ,creating beautiful mural fellow art enthusiasts power collaboration creativity,Positive
Participating in a school-wide art exhibition. Witnessing creativity and spreading positive vibes! , Happy ,participating art exhibition witnessing creativity spreading positive vibes,Positive
Achieving a personal best in a track and field competition. The thrill of victory and self-improvement! , Happy ,achieving personal best track field competition thrill victory,Positive
Collaborating on a science project that received recognition at a regional fair. Science triumphs and smiles! , Happy ,collaborating science project received recognition regional fair science triumphs smiles,Positive
"Attending a surprise birthday party organized by friends. Surrounded by love, laughter, and good company! ", Happy ,attending surprise birthday party organized friends surrounded love laughter good company,Positive
Successfully fundraising for a school charity initiative. The joy of giving back to the community! , Happy ,successfully fundraising school charity initiative joy giving back community,Positive
"Participating in a multicultural festival, celebrating diversity with music, dance, and delicious food! ", Happy ,participating multicultural festival celebrating diversity music dance delicious food,Positive
"Organizing a virtual talent show during challenging times, bringing smiles to classmates' faces! ", Happy ,organizing virtual talent show challenging times bringing smiles classmates faces,Positive
